,sentiment,neg_sentiment,edit_count
2014-01-01,-0.673836554090182,0.8333333333333334,16.0
2014-01-02,-0.8314212148388227,0.9166666666666667,10.5
2014-01-03,-0.6908219241433673,0.8444444444444444,14.333333333333334
2014-01-04,-0.7019108720123768,0.8476190476190476,16.0
2014-01-05,-0.6506780549883843,0.8280952380952382,16.2
2014-01-06,-0.6610891231823536,0.832936507936508,14.666666666666666
2014-01-07,-0.6416475117253688,0.824609562134713,22.714285714285715
2014-01-08,-0.6545394200251995,0.830908366867874,23.0
2014-01-09,-0.6884962270141971,0.8496963261047769,21.555555555555557
2014-01-10,-0.7119066248867114,0.8625044712720769,23.9
2014-01-11,-0.7229000927193986,0.8680110577997902,24.09090909090909
2014-01-12,-0.7113870755916197,0.8623434696498077,23.083333333333332
2014-01-13,-0.671554996975143,0.8421632027536686,21.692307692307693
2014-01-14,-0.6642205448947088,0.8355801168426923,20.714285714285715
2014-01-15,-0.6857902909187761,0.8465414423865129,19.866666666666667
2014-01-16,-0.6557610493373784,0.8298168127636716,19.8125
2014-01-17,-0.660206440520933,0.8319844512285536,19.529411764705884
2014-01-18,-0.6788766300432694,0.8413186483825229,18.555555555555557
2014-01-19,-0.675702696325228,0.8391439826781796,17.842105263157894
2014-01-20,-0.6799564521315228,0.8409367835442707,17.8
2014-01-21,-0.6648525852600508,0.8338592077711001,18.19047619047619
2014-01-22,-0.667791542146401,0.8357292437815047,17.727272727272727
2014-01-23,-0.6625882235188209,0.8332096148248209,17.347826086956523
2014-01-24,-0.6748972246689732,0.84015921420712,16.791666666666668
2014-01-25,-0.6760725030558714,0.8408385599245496,16.68
2014-01-26,-0.6376106931285798,0.8213191281325797,16.153846153846153
2014-01-27,-0.6139464337814807,0.8094184196832249,16.25925925925926
2014-01-28,-0.6105939959286968,0.8079192568540067,17.25
2014-01-29,-0.6075351949117682,0.8069996273073168,17.896551724137932
2014-01-30,-0.6063381888513918,0.8064154292040905,17.966666666666665
2014-01-31,-0.5799633526799615,0.792923365712027,17.666666666666668
2014-02-01,-0.5566445814236206,0.781812254600916,17.6
2014-02-02,-0.5756527682805263,0.7918122546009159,16.933333333333334
2014-02-03,-0.5521231108901437,0.779907492696154,16.3
2014-02-04,-0.5540324237443542,0.779907492696154,15.866666666666667
2014-02-05,-0.5413097347363983,0.7735582863469477,15.833333333333334
2014-02-06,-0.5376510119046288,0.7715462139123399,13.933333333333334
2014-02-07,-0.523820533829151,0.7646017694678956,13.2
2014-02-08,-0.49676717752604194,0.7507128805790066,13.266666666666667
2014-02-09,-0.4877919595876188,0.7458980657641919,11.966666666666667
2014-02-10,-0.4773027881498907,0.7417955016616278,11.266666666666667
2014-02-11,-0.49037577082870143,0.7484621683282945,11.4
2014-02-12,-0.5170021311568106,0.7617955016616278,11.533333333333333
2014-02-13,-0.518314969899941,0.7634621683282944,11.633333333333333
2014-02-14,-0.5166052100298798,0.7634621683282944,11.666666666666666
2014-02-15,-0.5430090411060835,0.7774972560475926,11.133333333333333
2014-02-16,-0.5407675130718733,0.7763861449364815,10.833333333333334
2014-02-17,-0.5242165261063759,0.7680528116031482,10.9
2014-02-18,-0.5209628928892212,0.7669511844170499,11.10344827586207
2014-02-19,-0.5058989275272419,0.7600067399726054,10.636781609195403
2014-02-20,-0.5108342268266707,0.7623411898920852,10.107015457788348
2014-02-21,-0.5197384486461775,0.7665078565587519,9.940348791121682
2014-02-22,-0.5018904182511995,0.7572485972994926,9.707015457788348
2014-02-23,-0.5023153293329904,0.7572485972994926,9.607015457788348
2014-02-24,-0.511856401781085,0.7620105020613973,9.173682124455015
2014-02-25,-0.5374889988807361,0.7751418151927105,9.440348791121682
2014-02-26,-0.5704109908195302,0.7918084818593771,9.073682124455015
2014-02-27,-0.5863784148139419,0.7995604198438733,7.673682124455014
2014-02-28,-0.5801036857160591,0.7957409753994289,6.573682124455014
2014-03-01,-0.5783101628978681,0.7947125422475837,6.873682124455014
2014-03-02,-0.6021273524039901,0.8070934946285361,6.973682124455014
2014-03-03,-0.5852108248876781,0.7973712724063139,7.1403487911216805
2014-03-04,-0.5595386838390348,0.7834823835174249,7.540348791121681
2014-03-05,-0.587744990393057,0.7977680978031393,8.407015457788347
2014-03-06,-0.6006662324268811,0.8048193798544213,9.140348791121681
2014-03-07,-0.6171675769070928,0.81354953858458,9.507015457788349
2014-03-08,-0.6307393386993368,0.8201747973837519,9.873682124455014
2014-03-09,-0.6512576773796042,0.831285908494863,10.173682124455015
2014-03-10,-0.6756373806717445,0.8433229455319001,10.373682124455014
2014-03-11,-0.6799231206489529,0.845307072516027,11.140348791121681
2014-03-12,-0.6914390737923906,0.8500129548689681,11.573682124455015
2014-03-13,-0.6808924532987048,0.8444573993134126,11.673682124455015
2014-03-14,-0.6798333834555008,0.8444573993134126,11.640348791121681
2014-03-15,-0.6846111362409565,0.8463621612181745,11.507015457788349
2014-03-16,-0.6867153181752426,0.8463621612181745,11.240348791121681
2014-03-17,-0.6746343883179308,0.8403015551575685,11.540348791121682
2014-03-18,-0.6714411145087097,0.8391904440464573,11.84034879112168
2014-03-19,-0.6788087337011007,0.8422606194850538,12.373682124455014
2014-03-20,-0.6841842116867798,0.8446955800044855,12.836900515259611
2014-03-21,-0.6846818021888831,0.8446955800044854,13.370233848592944
2014-03-22,-0.6613309435731612,0.8326175403414161,13.433333333333334
2014-03-23,-0.6530033980991884,0.8284508736747493,14.133333333333333
2014-03-24,-0.6848084991362138,0.8451175403414161,14.1
2014-03-25,-0.6592332590337452,0.8313920501453376,14.666666666666666
2014-03-26,-0.6520490635152515,0.8280587168120043,15.0
2014-03-27,-0.6703527396725381,0.8371496259029134,14.933333333333334
2014-03-28,-0.6645534169763871,0.8344469232002107,16.1
2014-03-29,-0.6547211179723887,0.8302802565335441,16.566666666666666
2014-03-30,-0.6619675172387679,0.8337723200256074,17.733333333333334
2014-03-31,-0.671710519573002,0.8387879940067987,17.5
2014-04-01,-0.6597221502613968,0.8327562479750527,18.133333333333333
2014-04-02,-0.6899109900900193,0.84851711754027,19.633333333333333
2014-04-03,-0.7151739713647906,0.862406006429159,19.466666666666665
2014-04-04,-0.7042764205264563,0.8571679111910637,19.733333333333334
2014-04-05,-0.7078985097382137,0.858449962473115,18.9
2014-04-06,-0.68053475088471,0.8441642481874007,18.4
2014-04-07,-0.6490371556666414,0.827618354467594,18.0
2014-04-08,-0.6047346847555245,0.8038088306580702,17.866666666666667
2014-04-09,-0.6000345370914191,0.8014940158432553,17.8
2014-04-10,-0.5903183950869746,0.7939543333035728,17.033333333333335
2014-04-11,-0.5782763082671669,0.787581784283965,16.7
2014-04-12,-0.569756388679976,0.7836135303157109,16.3
2014-04-13,-0.5661455658235499,0.7813913080934888,16.533333333333335
2014-04-14,-0.5659526067845656,0.7819865461887268,16.566666666666666
2014-04-15,-0.556813587624006,0.7774410916432722,17.433333333333334
2014-04-16,-0.553184752700496,0.7753535495557301,18.6
2014-04-17,-0.5583213180330203,0.7785114442925724,18.766666666666666
2014-04-18,-0.5590822654680778,0.7798197999274221,22.066666666666666
2014-04-19,-0.5627893121623037,0.7818197999274221,23.3
2014-04-20,-0.5750226647979644,0.7878027059103282,23.6
2014-04-21,-0.6103564197792297,0.8058419215966026,24.4
2014-04-22,-0.6085167549997443,0.8052466835013645,23.866666666666667
2014-04-23,-0.5824069115469729,0.7927466835013646,24.1
2014-04-24,-0.6005718010779336,0.8021243476104866,24.266666666666666
2014-04-25,-0.5851809020731741,0.7943465698327086,24.266666666666666
2014-04-26,-0.5651541139355969,0.7832354587215975,24.333333333333332
2014-04-27,-0.5625267426723792,0.7814937169798558,23.433333333333334
2014-04-28,-0.571413496771245,0.7856603836465225,23.133333333333333
2014-04-29,-0.5492749032337781,0.7732794312655701,22.133333333333333
2014-04-30,-0.5554929484612335,0.7763097342958731,21.433333333333334
2014-05-01,-0.5754367184538215,0.7868576093598773,21.5
2014-05-02,-0.570983959346602,0.7842377654356855,20.633333333333333
2014-05-03,-0.5573077456948486,0.7767976883817436,21.03448275862069
2014-05-04,-0.5710893451824258,0.7844167360007912,20.067816091954022
2014-05-05,-0.5529774101231963,0.7755278471119024,20.53448275862069
2014-05-06,-0.559458311563181,0.7788611804452356,20.63448275862069
2014-05-07,-0.5669635884451671,0.7830278471119023,21.101149425287357
2014-05-08,-0.592244252760302,0.7966924433851942,21.601149425287357
2014-05-09,-0.5891099372768042,0.7947985039912548,21.83448275862069
2014-05-10,-0.5878066688808666,0.796935256128007,22.53448275862069
2014-05-11,-0.5895837202116482,0.7974254522064383,22.867816091954023
2014-05-12,-0.6012411478010807,0.803027693102797,23.20114942528736
2014-05-13,-0.5999054021846881,0.8022196122947161,23.067816091954022
2014-05-14,-0.5979707339285112,0.8008307234058273,23.03448275862069
2014-05-15,-0.580505889055054,0.7920428446179485,22.301149425287356
2014-05-16,-0.5543866865913388,0.7779687705438744,21.067816091954022
2014-05-17,-0.5387562210127241,0.7681442091403655,20.601149425287357
2014-05-18,-0.5457756379164328,0.7720990114002525,16.801149425287356
2014-05-19,-0.5452463451387003,0.7717286410298823,15.13448275862069
2014-05-20,-0.5350429924044174,0.7673330366342779,14.467816091954024
2014-05-21,-0.5326883187410948,0.7660680144963904,14.601149425287357
2014-05-22,-0.5272079164991739,0.762927502680995,14.828775267538646
2014-05-23,-0.5390588091567864,0.7676836234630983,15.064250276764113
2014-05-24,-0.5318387313171787,0.7641704650517808,14.790603734583568
2014-05-25,-0.5544247618026323,0.775281576162892,14.557270401250234
2014-05-26,-0.5620896965691456,0.780142687274003,14.7239370679169
2014-05-27,-0.5617861653174778,0.780239305631491,14.957270401250234
2014-05-28,-0.5476844969936477,0.7726613506532665,15.231659035776103
2014-05-29,-0.5840797099353472,0.7926613506532666,15.098325702442772
2014-05-30,-0.5823110451325235,0.7926613506532666,15.298325702442773
2014-05-31,-0.576608284380994,0.7892563327321195,14.464992369109439
2014-06-01,-0.5759546093352715,0.7892563327321195,13.998325702442772
2014-06-02,-0.5729065030181199,0.787172600262252,13.563842943822083
2014-06-03,-0.5640040029923102,0.7816170447066964,13.730509610488749
2014-06-04,-0.5759368291196351,0.7881249812146328,13.697176277155416
2014-06-05,-0.588899533361693,0.7946120495323789,13.997078907402154
2014-06-06,-0.6184852268899479,0.8098898273101566,13.163745574068821
2014-06-07,-0.5749923806774225,0.7867014215130551,12.46374557406882
2014-06-08,-0.5672981333846728,0.7827620275736612,12.030412240735489
2014-06-09,-0.536298902466461,0.7667363865480202,11.263745574068821
2014-06-10,-0.5301887721088745,0.763468412691811,10.897078907402154
2014-06-11,-0.5376214077507738,0.767389981319262,10.563745574068822
2014-06-12,-0.5105486257942168,0.7537536176828984,10.330412240735487
2014-06-13,-0.5041748718913287,0.7502182641475448,10.46374557406882
2014-06-14,-0.5146125062176325,0.7553982042905637,10.652150593864297
2014-06-15,-0.5231187510328484,0.7609537598461191,10.78548392719763
2014-06-16,-0.4907177865343285,0.7409537598461192,10.618817260530964
2014-06-17,-0.45832374640673323,0.7242870931794525,10.518817260530964
2014-06-18,-0.43933018284299785,0.714657463549823,10.318817260530965
2014-06-19,-0.459745064606002,0.7241812730736324,10.08548392719763
2014-06-20,-0.46529947321925674,0.7274070795252453,9.052150593864297
2014-06-21,-0.481000274250538,0.7353094961025455,8.591191418279674
2014-06-22,-0.47899825579613015,0.734193146883216,8.367982492125039
2014-06-23,-0.49361911567493777,0.74205413138149,7.9082957009722525
2014-06-24,-0.49356382061154813,0.74205413138149,7.874962367638919
2014-06-25,-0.5060877183488127,0.74830413138149,7.374962367638919
2014-06-26,-0.49095678690747796,0.7415408463573354,6.808295700972253
2014-06-27,-0.4738548432083784,0.7324521346688933,6.400573733113049
2014-06-28,-0.4564450980120303,0.7232263462091999,6.483352137703154
2014-06-29,-0.41775462664669205,0.7010041239869778,6.350018804369821
2014-06-30,-0.42885805057988013,0.7065596795425333,6.316685471036488
2014-07-01,-0.4436331461160388,0.714251987234841,6.450018804369821
2014-07-02,-0.4614030325983684,0.7237757967586504,6.283352137703154
2014-07-03,-0.42733067021516175,0.7071091300919838,5.983352137703154
2014-07-04,-0.40838762863922623,0.6973688703517241,5.983352137703154
2014-07-05,-0.405512078706123,0.6958818020339782,5.950116174123083
2014-07-06,-0.3895545672413682,0.6875484687006448,6.150116174123083
2014-07-07,-0.44200487710075004,0.7153262464784226,6.283449507456416
2014-07-08,-0.4450302020603536,0.7173897385419146,6.916782840789749
2014-07-09,-0.4723784222431433,0.7312786274308035,6.916782840789749
2014-07-10,-0.4693569094830869,0.7312786274308035,6.983449507456416
2014-07-11,-0.45611204162213137,0.7238712200233961,7.050116174123082
2014-07-12,-0.47166536283389743,0.7328455789977552,7.350116174123083
2014-07-13,-0.46805328986035705,0.730825376977553,7.483449507456416
2014-07-14,-0.46872331328450084,0.7306454368345342,7.39504448766094
2014-07-15,-0.5012707569954385,0.7473121035012009,7.228377820994273
2014-07-16,-0.5575230905172815,0.7806454368345342,7.261711154327606
2014-07-17,-0.586262776614699,0.7949311511202486,7.661711154327606
2014-07-18,-0.5919340492898953,0.7971533733424708,8.261711154327607
2014-07-19,-0.5897592168663673,0.7971533733424708,8.428377820994273
2014-07-20,-0.5767745979149029,0.790158662078418,8.408666711373387
2014-07-21,-0.5443946587561453,0.7734919954117513,8.508666711373387
2014-07-22,-0.5466497071397295,0.7748471281196319,8.513517891347467
2014-07-23,-0.5421642756733823,0.7722830255555293,9.3468512246808
2014-07-24,-0.480134635131246,0.738949692222196,9.280184558014133
2014-07-25,-0.4729404945777716,0.7347830255555293,9.5468512246808
2014-07-26,-0.4785805125640692,0.7375608033333071,9.480184558014134
2014-07-27,-0.5040754604280189,0.7514496922221959,10.180184558014133
2014-07-28,-0.50903189403723,0.7559135759199846,10.197406153424028
2014-07-29,-0.5494851579557889,0.7781357981422068,10.330739486757361
2014-07-30,-0.5187938321257001,0.7614691314755401,10.364072820090694
2014-07-31,-0.5182816584302581,0.7614691314755401,9.864072820090694
2014-08-01,-0.4892635312344952,0.7463176163240249,10.197406153424028
2014-08-02,-0.4670543882581582,0.7352065052129139,10.164072820090695
2014-08-03,-0.4771170706158596,0.7389943840007926,10.097406153424028
2014-08-04,-0.48956949352612605,0.7473277173341261,9.797406153424028
2014-08-05,-0.4922644791939906,0.7489943840007925,9.697406153424028
2014-08-06,-0.47488070529314613,0.7397351247415335,9.864072820090694
2014-08-07,-0.48352143787385327,0.7448938549002636,9.297406153424028
2014-08-08,-0.5053604472647902,0.7560049660113747,9.264072820090695
2014-08-09,-0.49619251380074,0.7504494104558191,9.197406153424028
2014-08-10,-0.49366324693778235,0.7495234845298933,9.030739486757362
2014-08-11,-0.4945961902210022,0.7488439229884836,8.89386843457658
2014-08-12,-0.4838224160342321,0.743288367432928,8.527201767909915
2014-08-13,-0.48206756110884236,0.743056931827167,8.545381139217152
2014-08-14,-0.4650982012628683,0.7341968260281038,8.529704626776367
2014-08-15,-0.4477218389652655,0.7250311993394176,8.754866855285895
2014-08-16,-0.41914146780490974,0.7107454850537034,8.521533521952561
2014-08-17,-0.4397657855304092,0.7218565961648145,7.754866855285895
2014-08-18,-0.4316460269489053,0.7167283910366093,7.988200188619229
2014-08-19,-0.44460116402390554,0.7237231023006622,7.741244631573449
2014-08-20,-0.45900693612161425,0.7314376920351678,7.870253067144946
2014-08-21,-0.47216247156012214,0.7389427877645134,7.653135804100031
2014-08-22,-0.47762008855872123,0.7415068903286159,6.819802470766698
2014-08-23,-0.5241486650903022,0.7670760934433959,7.020485314586239
2014-08-24,-0.5308594080010053,0.7712427601100625,6.787151981252905
2014-08-25,-0.5254773909051216,0.7662427601100624,6.8204853145862385
2014-08-26,-0.5069738858177347,0.7567398361334542,6.720485314586239
2014-08-27,-0.5058144838559995,0.7548350742286923,6.8204853145862385
2014-08-28,-0.4840216053076952,0.7441684075620256,7.420485314586239
2014-08-29,-0.46609619103024763,0.7358350742286923,7.353818647919572
2014-08-30,-0.40244673929761215,0.702501740895359,7.3204853145862385
2014-08-31,-0.402329714066742,0.702501740895359,7.253818647919572
2014-09-01,-0.43555482722019967,0.7191684075620256,7.253818647919572
2014-09-02,-0.4404303785499184,0.7219461853398034,7.253818647919572
2014-09-03,-0.41775445059680383,0.7076604710540891,7.353818647919572
2014-09-04,-0.41794045642756855,0.714327137720756,7.220485314586239
2014-09-05,-0.42492672125685094,0.7180308414244595,6.953818647919572
2014-09-06,-0.4104497181394485,0.7096975080911262,6.6538186479195724
2014-09-07,-0.3832977270339014,0.6959720178950478,7.120485314586238
2014-09-08,-0.4158854916944188,0.7126386845617144,6.920485314586239
2014-09-09,-0.4321040153755826,0.7209720178950477,6.853818647919572
2014-09-10,-0.3838297444556929,0.6960105537954318,6.590689700100353
2014-09-11,-0.39482478516928904,0.7027695384090672,6.680023827690021
2014-09-12,-0.39181641355905317,0.701380317946374,6.615701161775292
2014-09-13,-0.3986072813799344,0.7046848681898817,6.531377674216079
2014-09-14,-0.4170077418751564,0.7138504948785679,6.272882112373217
2014-09-15,-0.42471345998847276,0.7180171615452345,6.306215445706551
2014-09-16,-0.4049925221955316,0.708293615391622,6.489188392110224
2014-09-17,-0.36497733296050466,0.688421820519827,6.189188392110224
2014-09-18,-0.3655455390720947,0.688421820519827,6.222521725443557
2014-09-19,-0.38049374719772383,0.6973738974519882,6.093513289872059
2014-09-20,-0.3501064966153467,0.6807072307853215,6.093513289872059
2014-09-21,-0.3500292668771113,0.6807072307853215,6.126846623205393
2014-09-22,-0.34402514969284465,0.6777289941419397,6.096031495916398
2014-09-23,-0.3278704764939857,0.6693956608086062,6.162698162583065
2014-09-24,-0.3518386215465777,0.6827289941419397,6.096031495916398
2014-09-25,-0.33417535521544595,0.6727874736741034,5.496031495916398
2014-09-26,-0.3260311933885587,0.6684008348352793,5.340722237154894
2014-09-27,-0.31670900711720906,0.6624008348352793,4.574055570488228
2014-09-28,-0.3435166670813501,0.6766215532778752,4.593850590160235
2014-09-29,-0.37108664903927696,0.6907629674192893,5.660517256826902
2014-09-30,-0.3961236460667464,0.7042478159041378,5.960517256826902
2014-10-01,-0.41253135087857623,0.7132221748784968,6.360517256826902
2014-10-02,-0.38951397653523395,0.7021110637673857,6.027183923493569
2014-10-03,-0.3796103345393044,0.6963967780530999,5.9938505901602355
2014-10-04,-0.3596805122533343,0.6630634447197665,5.9938505901602355
2014-10-05,-0.3723979002796324,0.669412651068973,6.360517256826902
2014-10-06,-0.39451212070677466,0.680523762180084,6.427183923493569
2014-10-07,-0.42169092131926794,0.6942492523761624,5.9938505901602355
2014-10-08,-0.40635454042031544,0.6859159190428291,6.093850590160235
2014-10-09,-0.40633603251583883,0.6859159190428291,6.227183923493569
2014-10-10,-0.43959995773044735,0.7025825857094958,6.3271839234935685
2014-10-11,-0.44959158694137535,0.7069347122069713,6.337849795903901
2014-10-12,-0.45158383428844817,0.7071262430435437,6.32826871432213
2014-10-13,-0.4523359676086964,0.7079198938371944,6.861602047655462
2014-10-14,-0.44008900171418436,0.702037540896018,7.428268714322129
2014-10-15,-0.45569531207073066,0.7095992692910796,8.061602047655462
2014-10-16,-0.45581708244055597,0.7096005932224702,8.67862910125179
2014-10-17,-0.4698296318378289,0.7166518752737522,9.011962434585122
2014-10-18,-0.45215220898045316,0.7068812502831919,9.253754242674264
2014-10-19,-0.4540363960998009,0.7068812502831919,9.587087576007598
2014-10-20,-0.47189043222312554,0.7158556092575509,9.953754242674263
2014-10-21,-0.43974154401266996,0.6991889425908843,10.020420909340931
2014-10-22,-0.45992401836603275,0.7099313094528196,10.183886526143716
2014-10-23,-0.4596521908868292,0.7099313094528196,10.183886526143716
2014-10-24,-0.4155383972488117,0.6877090872305973,10.183886526143716
2014-10-25,-0.45826015652838076,0.7099313094528196,10.283886526143716
2014-10-26,-0.43768768576391454,0.698762392736088,10.33919578490522
2014-10-27,-0.46887151169387414,0.7154290594027547,10.305862451571887
2014-10-28,-0.4902075053013389,0.7262083409601588,10.219400765233212
2014-10-29,-0.5018825134935457,0.7320669268187446,9.452734098566545
2014-10-30,-0.49053223331935847,0.7265907363425542,9.286067431899879
2014-10-31,-0.48969117198401485,0.7253941551459729,9.352734098566545
2014-11-01,-0.4959682973624646,0.7287274884793064,9.952734098566545
2014-11-02,-0.4978393501725886,0.7306322503840683,10.952734098566545
2014-11-03,-0.5103937427799043,0.7538206561811697,11.686067431899879
2014-11-04,-0.5005109229338254,0.7494916518521654,11.619400765233213
2014-11-05,-0.47850803978872264,0.7383805407410543,11.752734098566545
2014-11-06,-0.45276255079948985,0.7262593286198421,12.352734098566545
2014-11-07,-0.456973641304613,0.7290371063976199,12.819400765233212
2014-11-08,-0.4494064266699296,0.7257037730642867,13.619400765233213
2014-11-09,-0.4679735453572187,0.7364180587785722,14.452734098566545
2014-11-10,-0.4706091275790976,0.7386402810007946,14.552734098566544
2014-11-11,-0.46873021193408565,0.7384027395660098,14.675125141422475
2014-11-12,-0.4535248108637235,0.7310434322067024,14.341791808089141
2014-11-13,-0.4487491217763953,0.7297829280050218,14.275125141422475
2014-11-14,-0.42143460555246764,0.7156735805623409,13.608458474755809
2014-11-15,-0.41710810199417636,0.7134910408798013,13.241791808089141
2014-11-16,-0.43479838142993843,0.7219159493047097,13.008458474755807
2014-11-17,-0.43493421168367613,0.7221627647714605,12.933333333333334
2014-11-18,-0.4258313431738595,0.7170345596432554,12.9
2014-11-19,-0.43928245277117567,0.724726867335563,12.6
2014-11-20,-0.45507618954689183,0.7330602006688963,12.7
2014-11-21,-0.43862938673983115,0.7235363911450868,12.8
2014-11-22,-0.4353851302632699,0.7235363911450868,12.833333333333334
2014-11-23,-0.4581505127253476,0.7346475022561979,12.933333333333334
2014-11-24,-0.43928660738822584,0.7246475022561979,13.1
2014-11-25,-0.4568609322609845,0.7343697244784201,13.133333333333333
2014-11-26,-0.4514864102902356,0.7317030578117535,13.933333333333334
2014-11-27,-0.43148767108396296,0.7215581302755216,14.933333333333334
2014-11-28,-0.44410896191672095,0.7282247969421882,15.966666666666667
2014-11-29,-0.45954820049338285,0.7353676540850455,15.6
2014-11-30,-0.46261135155712535,0.7368491355665269,15.666666666666666
2014-12-01,-0.4813675815055552,0.7454205641379554,15.266666666666667
2014-12-02,-0.5008409567247565,0.7551824688998603,14.5
2014-12-03,-0.5212185946097995,0.765327396436092,13.833333333333334
2014-12-04,-0.5101347531956368,0.7577516388603345,13.566666666666666
2014-12-05,-0.516239691907881,0.760892499970461,13.724137931034482
2014-12-06,-0.5417578732860721,0.7730137120916731,13.09080459770115
2014-12-07,-0.550712130059067,0.7785692676472287,12.524137931034483
2014-12-08,-0.5575875460332603,0.781902600980562,11.557471264367816
2014-12-09,-0.567065289397776,0.7865216485996097,11.424137931034483
2014-12-10,-0.5745889586008985,0.7898549819329429,11.124137931034483
2014-12-11,-0.5759589692748983,0.7915216485996096,11.057471264367816
2014-12-12,-0.6011765315566225,0.8036428607208218,10.757471264367815
2014-12-13,-0.5969805335152197,0.7996746067525677,10.624137931034483
2014-12-14,-0.6347151259018742,0.8187222258001868,10.457471264367816
2014-12-15,-0.651954098237928,0.8264603210382819,10.257471264367815
2014-12-16,-0.6440145660090495,0.8226507972287583,10.39080459770115
2014-12-17,-0.6358983504280638,0.8188412734192344,10.424137931034483
2014-12-18,-0.6349889080053274,0.818413922991884,10.290804597701149
2014-12-19,-0.6127873684292737,0.8073028118807728,10.457471264367816
2014-12-20,-0.6023572797900144,0.7989694785474395,10.424137931034483
2014-12-21,-0.6039755145322698,0.8001599547379157,10.09080459770115
2014-12-22,-0.6147452218610133,0.8040488436268045,10.457471264367816
2014-12-23,-0.6345673210036177,0.8151599547379157,10.357471264367815
2014-12-24,-0.6312796872799348,0.8140488436268047,10.324137931034482
2014-12-25,-0.6259925251482014,0.809882176960138,10.257471264367815
2014-12-26,-0.6176679721353536,0.805882176960138,9.59080459770115
2014-12-27,-0.6269311091614631,0.8112651997344652,8.757471264367815
2014-12-28,-0.620339439798374,0.8076754561447215,7.824137931034484
2014-12-29,-0.6087816751004163,0.8021199005891659,8.290804597701149
2014-12-30,-0.597607323153299,0.79666181092055,9.624137931034483
2014-12-31,-0.5827342106753456,0.7903126045713436,9.657471264367816
2015-01-01,-0.5694519005405109,0.7834944227531617,9.957471264367816
2015-01-02,-0.5509191027989994,0.7739706132293522,10.09080459770115
2015-01-03,-0.5710154072818833,0.7861928354515745,10.457471264367816
2015-01-04,-0.5752116187856358,0.7886075298970036,10.6
2015-01-05,-0.5752316980010034,0.7886075298970036,10.666666666666666
2015-01-06,-0.5691549579865708,0.7845671258565995,11.766666666666667
2015-01-07,-0.5482537081407481,0.7734560147454884,11.933333333333334
2015-01-08,-0.5457383062304151,0.7715213742226126,12.8
2015-01-09,-0.5456718132755252,0.7715213742226126,12.866666666666667
2015-01-10,-0.5541424725646202,0.7742991520003903,13.766666666666667
2015-01-11,-0.5334772212251448,0.7638824853337237,14.2
2015-01-12,-0.5484832711959307,0.7726126440638824,14.266666666666667
2015-01-13,-0.5256241709094531,0.7615015329527713,15.9
2015-01-14,-0.525576441347727,0.7623348662861047,16.0
2015-01-15,-0.5482621049816033,0.775668199619438,15.766666666666667
2015-01-16,-0.5719516674612583,0.7890015329527713,15.766666666666667
2015-01-17,-0.5687910537540972,0.7874728501810278,16.0
2015-01-18,-0.5913136397963279,0.7985839612921389,16.066666666666666
2015-01-19,-0.6062760226700912,0.8094535265095303,16.733333333333334
2015-01-20,-0.6124211374694316,0.8127868598428637,17.3
2015-01-21,-0.6083131472376527,0.8088979709539748,17.033333333333335
2015-01-22,-0.5978754923847857,0.802231304287308,17.266666666666666
2015-01-23,-0.6016126919278001,0.8038186058746095,17.166666666666668
2015-01-24,-0.6305647217388116,0.8204852725412762,17.133333333333333
2015-01-25,-0.6320474648422075,0.8211916612495961,17.551724137931036
2015-01-26,-0.6310308805753775,0.8199519648394837,17.915576694411413
2015-01-27,-0.6506048636211024,0.8302083750958941,17.648910027744748
2015-01-28,-0.6620048434001161,0.8357639306514495,17.348910027744747
2015-01-29,-0.6632868822421444,0.8352960943941395,15.582243361078081
2015-01-30,-0.6634406317610687,0.8352960943941397,15.382243361078082
2015-01-31,-0.6814667859266967,0.8452906305644704,15.15404485628767
2015-02-01,-0.6974674949116471,0.8548144400882799,15.020711522954338
2015-02-02,-0.6978293404846977,0.8544057426200596,15.021425713401038
2015-02-03,-0.6880619593552562,0.8488501870645042,14.521425713401038
2015-02-04,-0.6797315489840321,0.8446835203978375,14.621425713401038
2015-02-05,-0.6435969590614835,0.8237239244382415,13.621425713401038
2015-02-06,-0.6560351080311793,0.8300731307874477,13.688092380067705
2015-02-07,-0.6619719516554813,0.8333411046436568,12.088092380067705
2015-02-08,-0.6511017472862543,0.8277855490881014,12.188092380067705
2015-02-09,-0.6611077564940857,0.833341104643657,11.088092380067705
2015-02-10,-0.671212731722594,0.838202215754768,10.954759046734372
2015-02-11,-0.6771891544922768,0.8405831681357205,10.754759046734371
2015-02-12,-0.6851629750217489,0.8442868718394242,9.35475904673437
2015-02-13,-0.6708429247424497,0.8365090940616465,9.388092380067706
2015-02-14,-0.6427469190907636,0.8198424273949798,9.388092380067706
2015-02-15,-0.6346040959774282,0.8146572422097945,10.788092380067704
2015-02-16,-0.6387427123036983,0.8165771612882673,12.621425713401038
2015-02-17,-0.6298635660141827,0.8118152565263625,13.654759046734371
2015-02-18,-0.6357144173703019,0.8149456913089713,13.621425713401038
2015-02-19,-0.6373377548046998,0.8155012468645269,13.488092380067705
2015-02-20,-0.6393288397401883,0.8182790246423046,13.821425713401037
2015-02-21,-0.6492971239100211,0.8249456913089712,13.554759046734372
2015-02-22,-0.6382690477267928,0.8211361674994475,13.488092380067705
2015-02-23,-0.6385527694405856,0.8211361674994476,13.821425713401037
2015-02-24,-0.6459717400263579,0.8270964454577943,13.303034908803337
2015-02-25,-0.6458868453004639,0.8272156936886349,13.27251568565629
2015-02-26,-0.6210453482096391,0.8140577989517929,14.372515685656289
2015-02-27,-0.6211842391184631,0.814057798951793,14.27251568565629
2015-02-28,-0.6334541671471948,0.8214391023639237,14.592257605851334
2015-03-01,-0.6445144092465269,0.8267760829052084,14.99199062674276
2015-03-02,-0.643240189354829,0.8261376502273028,14.9864025498619
2015-03-03,-0.633972669937577,0.8201423967868651,15.399726775719207
2015-03-04,-0.6317707157729624,0.8189609021029618,15.412771639937075
2015-03-05,-0.6415178230871835,0.824212427462834,15.840798248210769
2015-03-06,-0.6380650363853035,0.8224611318581041,16.111170601597347
2015-03-07,-0.6720375585348992,0.842201170887694,16.52879717406622
2015-03-08,-0.6705295947381875,0.8416859403271711,16.822893628344367
2015-03-09,-0.6595728589272547,0.8362268348212114,17.299545132770035
2015-03-10,-0.6591701890502607,0.8363266107345865,17.689184620106932
2015-03-11,-0.6586679483924542,0.8363266107345865,17.6558512867736
2015-03-12,-0.6581066779855509,0.8364298271966988,17.85088064148993
2015-03-13,-0.6525219637213274,0.8338657246325962,18.017547308156598
2015-03-14,-0.6510804390192377,0.8329397987066702,17.85088064148993
2015-03-15,-0.6462478652874974,0.8315509098177813,17.717547308156597
2015-03-16,-0.6780432464626446,0.848217576484448,17.684213974823262
2015-03-17,-0.6880109978994079,0.8534027616696332,16.117547308156595
2015-03-18,-0.6878407031412831,0.8536900837087512,14.225048939472341
2015-03-19,-0.6747053267578952,0.8473408773595448,12.92504893947234
2015-03-20,-0.6770727519939428,0.848046759712486,12.658382272805675
2015-03-21,-0.6678081330243167,0.8441578708235971,12.391715606139007
2015-03-22,-0.6787422919632192,0.8497134263791526,11.82504893947234
2015-03-23,-0.6748606745760833,0.8497134263791526,11.791715606139007
2015-03-24,-0.7039044984540538,0.863046759712486,11.658382272805675
2015-03-25,-0.6887077621066472,0.8542748298879246,11.82504893947234
2015-03-26,-0.6909136273573407,0.8542748298879246,11.958382272805673
2015-03-27,-0.7006139267185136,0.860157182829101,11.52504893947234
2015-03-28,-0.7160476443320721,0.868946631964769,10.612119592557594
2015-03-29,-0.7063210657344361,0.8644275503083815,10.771158199197512
2015-03-30,-0.686044799625934,0.8537129135629175,10.384749612335801
2015-03-31,-0.697738737295694,0.8594870441327438,9.918349924777708
2015-04-01,-0.645326204346354,0.8319491224585004,9.452136506448978
2015-04-02,-0.6570851039551175,0.8379443758989382,9.205478947258339
2015-04-03,-0.6689475446851668,0.8439790124955061,8.791719892593768
2015-04-04,-0.6634459806852966,0.8415052649134117,8.430359950986743
2015-04-05,-0.6497182271400808,0.836312116073697,7.993320930933498
2015-04-06,-0.6489485949620182,0.836109045218042,7.698994163928921
2015-04-07,-0.6482044225007789,0.835916738490141,7.384376941018044
2015-04-08,-0.647812407405216,0.8359060455132075,7.04247458957832
2015-04-09,-0.6591616391750373,0.841361825155388,6.486168435574756
2015-04-10,-0.6598200231405296,0.841361825155388,6.5861684355747565
2015-04-11,-0.659879103997708,0.8415318940505152,6.197730083646646
2015-04-12,-0.6431996630367831,0.8329848855035067,5.864396750313313
2015-04-13,-0.6478169962142036,0.8358464332794896,5.928686293427565
2015-04-14,-0.6598751084878173,0.8400130999461564,5.928686293427565
2015-04-15,-0.6484125368834538,0.8344963102891273,6.02967547595955
2015-04-16,-0.6370414045350222,0.8287892865059937,6.1341470440960855
2015-04-17,-0.6352897045587741,0.8279306383265882,5.855150427014147
2015-04-18,-0.6575010555560631,0.8390417494376994,5.855150427014147
2015-04-19,-0.6279103610958487,0.8243358670847581,5.355150427014147
2015-04-20,-0.6391573651180497,0.8293358670847583,5.38848376034748
2015-04-21,-0.6137639613495103,0.8160025337514248,5.521817093680813
2015-04-22,-0.6196517086571287,0.8160025337514248,5.621817093680813
2015-04-23,-0.607082232873587,0.8096577935359568,5.781190096911186
2015-04-24,-0.610821537082368,0.8121686793384671,5.290886307149503
2015-04-25,-0.6134184770169925,0.8121686793384671,5.124219640482836
2015-04-26,-0.5968975161751324,0.8026448698146577,5.224219640482835
2015-04-27,-0.5914729700746627,0.7986799820824986,5.003815654064249
2015-04-28,-0.5973981870849864,0.8031990637388858,4.811443714090999
2015-04-29,-0.6298628373583095,0.8198657304055526,4.811443714090999
2015-04-30,-0.6172604337342179,0.813654203867813,4.942872807680344
2015-05-01,-0.6705844416416442,0.8417112453804961,5.078833938979666
2015-05-02,-0.6376931197143352,0.8083779120471628,4.878833938979667
2015-05-03,-0.6282545717492554,0.8036160072852581,5.278833938979667
2015-05-04,-0.6360316889420006,0.8077826739519247,5.378833938979667
2015-05-05,-0.6286914925046946,0.8022271183963692,5.412167272313
2015-05-06,-0.6144664838057954,0.7943568168891011,5.322200800182035
2015-05-07,-0.621604599841037,0.7976040367172075,5.5760549021481
2015-05-08,-0.6287794078438551,0.8030738352001007,5.474639082495489
2015-05-09,-0.6129746943760982,0.7947405018667674,5.57463908249549
2015-05-10,-0.6128686144996753,0.7947405018667674,5.607972415828823
2015-05-11,-0.6164300401160825,0.7952608673031788,5.634714746373935
2015-05-12,-0.6288228510019508,0.801610073652385,5.768048079707269
2015-05-13,-0.6281678804627614,0.8004295095273124,5.762508830958293
2015-05-14,-0.5756192422282255,0.7754295095273124,5.562508830958293
2015-05-15,-0.5589413565505983,0.7666605848986272,5.594852981759641
2015-05-16,-0.5708715596053974,0.7723676086817608,5.457048080289772
2015-05-17,-0.5530167771194282,0.7629517389193594,5.6285430660559665
2015-05-18,-0.5334617574493656,0.7529517389193594,5.8618763993893
2015-05-19,-0.5494836106380393,0.7612850722526928,5.9618763993893
2015-05-20,-0.5425814491987794,0.7579517389193594,5.995209732722633
2015-05-21,-0.5465564073271787,0.7601739611415816,5.928543066055966
2015-05-22,-0.5118178037948644,0.7401739611415816,5.9618763993893
2015-05-23,-0.5085328235360249,0.737777966921086,5.968106961543716
2015-05-24,-0.4893595802906738,0.7273723442764705,5.8584107513054
2015-05-25,-0.4893571523948099,0.7273723442764705,5.8584107513054
2015-05-26,-0.4916155302039507,0.7278236073795998,5.81904560479869
2015-05-27,-0.5058484801164987,0.7361569407129331,5.81904560479869
2015-05-28,-0.5094902815471276,0.7361569407129331,6.085712271465357
2015-05-29,-0.487675340511751,0.7250458296018221,6.085712271465357
2015-05-30,-0.49940383474189626,0.7312573561395617,6.0542831778760124
2015-05-31,-0.46671357070340364,0.7143114257379896,5.984988713243356
2015-06-01,-0.4860463539256021,0.7409780924046563,6.084988713243357
2015-06-02,-0.47851390064185967,0.7369724108619596,5.777574530941403
2015-06-03,-0.47668261780102494,0.7355835219730708,5.74424119760807
2015-06-04,-0.5097693299627248,0.7522501886397374,5.6442411976080695
2015-06-05,-0.5256300277884747,0.7608216172111659,5.710907864274736
2015-06-06,-0.5297163156048402,0.7630438394333882,5.377574530941403
2015-06-07,-0.5229239456232334,0.7582819346714834,5.477574530941403
2015-06-08,-0.5228349183206568,0.7585675186256725,5.528525376835934
2015-06-09,-0.506652720926011,0.7502422606472474,5.546750389830277
2015-06-10,-0.4976848191867405,0.7465560331818816,5.496638334307183
2015-06-11,-0.5049543693134368,0.7513179379437864,5.36330500097385
2015-06-12,-0.5007056276209101,0.7496244354753888,5.349539351664041
2015-06-13,-0.538170858244791,0.7662911021420555,5.349539351664041
2015-06-14,-0.5665411603088693,0.7805768164277699,5.182872684997375
2015-06-15,-0.5517685281109911,0.7730104997528654,5.292626915514526
2015-06-16,-0.5388886135237968,0.7659397926821582,5.025960248847858
2015-06-17,-0.5584818920907931,0.7759397926821582,4.7259602488478585
2015-06-18,-0.5608326537494086,0.7787175704599361,4.825960248847859
2015-06-19,-0.5743395579938315,0.7853842371266028,4.525960248847858
2015-06-20,-0.5879870795766924,0.7917334434758092,4.692626915514525
2015-06-21,-0.6117341536509077,0.8061778879202535,4.7259602488478585
2015-06-22,-0.6169095597378149,0.8093630668006617,4.727023350129736
2015-06-23,-0.6428006501706177,0.8260297334673283,4.8270233501297355
2015-06-24,-0.5783897928110495,0.792696400133995,4.8270233501297355
2015-06-25,-0.5895083910002458,0.7992048439905726,5.066388496636446
2015-06-26,-0.5897938388030542,0.7992048439905726,5.099721829969779
2015-06-27,-0.5899235085549307,0.7992048439905726,4.733055163303112
2015-06-28,-0.5983809584530518,0.803775125967259,4.792815686175633
2015-06-29,-0.5856392620158519,0.7971084593005923,4.8594823528423
2015-06-30,-0.609803127396669,0.809806871999005,5.2594823528423
2015-07-01,-0.6074212927108664,0.8081402053323383,5.226149019508966
2015-07-02,-0.5923227168485508,0.8002411249702731,5.100229868477586
2015-07-03,-0.5901667438510552,0.7991000143370641,5.034720553597504
2015-07-04,-0.5835601093931491,0.7991000143370641,5.034720553597504
2015-07-05,-0.5869848798459085,0.8008316160686657,5.534720553597504
2015-07-06,-0.5541536620006275,0.7674982827353324,5.40138722026417
2015-07-07,-0.5649647405490589,0.7722601874972371,5.20138722026417
2015-07-08,-0.5738819463964747,0.7803079368763814,5.083769707702972
2015-07-09,-0.5892526131414584,0.7886331948548065,5.132211361375297
2015-07-10,-0.5969048446118528,0.7937479937487438,5.28232341689839
2015-07-11,-0.5597008626030247,0.7737479937487438,5.348990083565057
2015-07-12,-0.5751637023009297,0.7820938458995641,5.237338771842922
2015-07-13,-0.5905400289767354,0.7918212198961008,5.348971143285781
2015-07-14,-0.5764488221809455,0.7846426412718285,5.4644529068473595
2015-07-15,-0.5772998668257985,0.7850437496000686,5.47037794103125
2015-07-16,-0.6200042751932734,0.8072659718222909,5.47037794103125
2015-07-17,-0.6144754471882774,0.8072659718222909,5.570377941031251
2015-07-18,-0.6166079317379409,0.8063670972874273,5.486597870032329
2015-07-19,-0.603549248663429,0.7996901006421662,5.606825382792064
2015-07-20,-0.6118317216372071,0.8044520054040709,5.373492049458731
2015-07-21,-0.6098999651145679,0.8034560975444411,5.351888327026273
2015-07-22,-0.6080415154536674,0.8024258480344794,5.329539648647868
2015-07-23,-0.5488825028181185,0.769092514701146,5.1962063153145355
2015-07-24,-0.6088787958065777,0.8024258480344794,5.296206315314535
2015-07-25,-0.5531418107680893,0.7716566172652487,4.929539648647869
2015-07-26,-0.5312635662885921,0.7605455061541375,4.896206315314535
2015-07-27,-0.5312414523031066,0.7605455061541375,4.929539648647869
2015-07-28,-0.47817250534717665,0.7337530019552289,4.8031124591086805
2015-07-29,-0.49029197498981586,0.7404196686218955,4.736445792442014
2015-07-30,-0.5097776989621364,0.749943478145705,4.269779125775347
2015-07-31,-0.49282675042574037,0.724943478145705,4.169779125775348
2015-08-01,-0.5089395133680056,0.7327001498059017,4.24459909562967
2015-08-02,-0.4892672885948527,0.7060634826613329,4.110108410509754
2015-08-03,-0.4958317150169718,0.7060634826613329,4.143441743843087
2015-08-04,-0.471740042300253,0.6924271190249693,3.47677507717642
2015-08-05,-0.4880069402635133,0.7163039162327269,3.5621811143204343
2015-08-06,-0.4721127334018584,0.7079705828993936,3.6621811143204344
2015-08-07,-0.4611389968125136,0.6979006029993726,3.7194977044694144
2015-08-08,-0.4436688682794943,0.6874833824131442,3.606376935658015
2015-08-09,-0.4338901477180237,0.6801552231860111,3.3859071748186365
2015-08-10,-0.4558009472563774,0.6898157481234598,3.3302488015365204
2015-08-11,-0.43825646885220976,0.6791197394380618,3.376119449865366
2015-08-12,-0.43300531148870897,0.675233481491233,3.3080900811267306
2015-08-13,-0.4471134877268664,0.6824120601155053,3.159274984231819
2015-08-14,-0.4610429404439066,0.6895772684621697,3.0769290528641107
2015-08-15,-0.4426519713438393,0.6788730363401755,3.0795817788249424
2015-08-16,-0.44862327442932537,0.6788730363401757,3.046248445491609
2015-08-17,-0.4219326104349249,0.6653274664305947,3.030028516490531
2015-08-18,-0.41566996761477526,0.660694272147437,2.9411734521353057
2015-08-19,-0.3956121861218211,0.6489940746352797,3.0081104677261785
2015-08-20,-0.3882229522259981,0.6436677979832396,2.9272905415434165
2015-08-21,-0.36887914924723403,0.6335869363820904,2.8496392199218206
2015-08-22,-0.43414017547073463,0.6669202697154237,2.8496392199218206
2015-08-23,-0.41924187204419894,0.655434761774576,2.809971606815677
2015-08-24,-0.46290318044629924,0.6780359604564582,2.8379016622231137
2015-08-25,-0.4841706177189009,0.6891470715675693,2.8045683288897805
2015-08-26,-0.4665020771446032,0.6784280050698992,2.797829305748049
2015-08-27,-0.5168534399722409,0.7018220742102407,2.859823419739361
2015-08-28,-0.5019018875625096,0.6915400767692145,2.82050698593727
2015-08-29,-0.5017411835060878,0.6915400767692145,2.82050698593727
2015-08-30,-0.4689771639373266,0.6915400767692145,2.82050698593727
2015-08-31,-0.48289231553900797,0.7004500717756844,2.8123536827496145
2015-09-01,-0.5042053980485786,0.7282278495534622,2.979020349416281
2015-09-02,-0.5019074760731249,0.7282278495534622,2.945687016082948
2015-09-03,-0.5098715049878944,0.7337834051090177,3.079020349416281
2015-09-04,-0.526920168239717,0.7432399412345935,2.9936143122722663
2015-09-05,-0.4768446158755265,0.7182399412345934,2.8936143122722666
2015-09-06,-0.47738618880150974,0.7189412977254631,2.865135574610296
2015-09-07,-0.4904081915747685,0.7293585183116916,2.8782563434216955
2015-09-08,-0.5091950676013651,0.740020010872158,2.8320594375944075
2015-09-09,-0.5081037751938816,0.74110022667545,3.4543844775431904
2015-09-10,-0.48864947812911697,0.731796235360848,3.841847162547678
2015-09-11,-0.5074575458131448,0.7426217859778069,3.798244159843454
2015-09-12,-0.49048387108606695,0.7337466751494554,3.8947353377690903
2015-09-13,-0.49060272539684446,0.7337466751494554,3.861402004435757
2015-09-14,-0.4957747120785335,0.737784240604783,3.925415945141592
2015-09-15,-0.4784286369450299,0.7287423178670167,3.9573268398016466
2015-09-16,-0.48608485608306945,0.7320756512003501,3.99066017313498
2015-09-17,-0.49437182741020336,0.7378302865732133,4.092621058063803
2015-09-18,-0.4866826056657511,0.7358049938892922,4.559017375806264
2015-09-19,-0.5012592353061465,0.7449049561787398,4.861441024421484
2015-09-20,-0.5003640470540154,0.7449049561787398,4.82810769108815
2015-09-21,-0.4866790403560427,0.7382382895120732,5.361441024421484
2015-09-22,-0.5060071629691069,0.7497237974529206,5.301108637527628
2015-09-23,-0.49057705712965666,0.7271225987710387,5.239845248786858
2015-09-24,-0.4470119010672126,0.7049003765488165,5.273178582120191
2015-09-25,-0.44633982617676893,0.7058132169446412,5.358535453719229
2015-09-26,-0.4341758827239151,0.6990858144709665,5.329874673061251
2015-09-27,-0.4318405034462463,0.699346012322751,5.416404593306906
2015-09-28,-0.43175560408034436,0.699346012322751,5.5164045933069055
2015-09-29,-0.4976681706627062,0.7326793456560843,5.5164045933069055
2015-09-30,-0.4828845192733392,0.7234613920580182,5.568694406869213
2015-10-01,-0.4774876931771384,0.7196727044278349,5.553821800209531
2015-10-02,-0.4619381653000818,0.7100062459598292,5.710850138147791
2015-10-03,-0.466938341115869,0.7115007142113176,5.700879453256335
2015-10-04,-0.4669259334156483,0.7115007142113176,5.700879453256335
2015-10-05,-0.5333716834137409,0.744834047544651,5.700879453256335
2015-10-06,-0.5507537198490015,0.7542026709538022,5.672041600769324
2015-10-07,-0.5409752636272555,0.745726900986692,5.729698207692405
2015-10-08,-0.5252331545422767,0.7369588630896813,5.85830849071628
2015-10-09,-0.5287562918240716,0.7374670231195938,5.301698438672014
2015-10-10,-0.5654763341189977,0.7574670231195937,4.868365105338681
2015-10-11,-0.5505876787550482,0.7491038170202694,4.967274246902083
2015-10-12,-0.552660223931912,0.7496333736365043,5.004258347217015
2015-10-13,-0.5525894844772188,0.7496333736365043,5.104258347217015
2015-10-14,-0.5343793648721544,0.7396333736365043,5.004258347217015
2015-10-15,-0.5517244128189465,0.7486752963742703,4.9056807858902935
2015-10-16,-0.5833783568079584,0.765341963040937,4.839014119223626
2015-10-17,-0.5805886758401801,0.7629974330308544,4.798980123334786
2015-10-18,-0.5949215429005481,0.7690237136830339,4.378255300001502
2015-10-19,-0.5989437736714008,0.7718014914608119,4.14492196666817
2015-10-20,-0.6116259824213839,0.7773570470163674,4.178255300001504
2015-10-21,-0.6125487005153232,0.7765762555341732,3.7361261724153483
2015-10-22,-0.6124073113440408,0.7765762555341732,3.836126172415348
2015-10-23,-0.6418628863598506,0.8099095888675065,3.936126172415348
2015-10-24,-0.6862277976776758,0.8321318110897287,3.936126172415348
2015-10-25,-0.6944997966601822,0.8364876246809385,3.887077576508317
2015-10-26,-0.6746010527327034,0.8281542913476052,3.9537442431749836
2015-10-27,-0.6829721060868313,0.8325959561415658,3.9033076793773316
2015-10-28,-0.6723161063805954,0.8268234029050681,3.8999734614248265
2015-10-29,-0.6723911883647974,0.8268234029050681,3.9333067947581593
2015-10-30,-0.6563393259835841,0.8193746898364674,3.8143503145291855
2015-10-31,-0.6625066235846635,0.8228126893333169,3.754368539160898
2015-11-01,-0.6694227772333596,0.8267025666910234,3.6869036564372117
2015-11-02,-0.664812147242365,0.825208098439535,3.5968743413286672
2015-11-03,-0.6453627677281196,0.8154041768709075,4.1302076746620004
2015-11-04,-0.6443634004910286,0.8154041768709075,4.163541007995334
2015-11-05,-0.636820354215254,0.8154041768709075,4.163541007995334
2015-11-06,-0.6401253572522967,0.81780684155657,4.109535587316125
2015-11-07,-0.6559318194854179,0.8265748794535808,3.980925304292249
2015-11-08,-0.6712487747345801,0.8353259786829276,3.870868689669848
2015-11-09,-0.6082102676306601,0.8019926453495942,3.870868689669848
2015-11-10,-0.6101972533990466,0.8038163980506055,3.833061601489426
2015-11-11,-0.6121812888485465,0.8056847782028158,3.792675506809165
2015-11-12,-0.5913719390997231,0.7945736670917047,3.726008840142498
2015-11-13,-0.6229343220759371,0.8112403337583715,3.726008840142498
2015-11-14,-0.6226561717029021,0.8112403337583715,3.826008840142498
2015-11-15,-0.6098100773358665,0.8047313797500394,3.8200091449749976
2015-11-16,-0.6141225618940559,0.8078695605537728,3.8933764741971713
2015-11-17,-0.61427795279814,0.8089021034310051,4.047434630863788
2015-11-18,-0.6028327524628904,0.8023125207906949,4.014587549169436
2015-11-19,-0.5794550677107438,0.7912014096795837,4.014587549169436
2015-11-20,-0.5474151391744351,0.7744064435860204,4.623383343422258
2015-11-21,-0.5443425455649431,0.7744064435860204,4.656716676755591
2015-11-22,-0.49164842886657206,0.7410731102526871,4.590050010088925
2015-11-23,-0.4703728390031128,0.7299619991415759,4.556716676755591
2015-11-24,-0.46675205221632177,0.7287457449855447,4.627147424205314
2015-11-25,-0.5148150944795117,0.7537457449855446,4.527147424205314
2015-11-26,-0.5090165768636009,0.751026772187061,4.548659139544211
2015-11-27,-0.503385558648848,0.7484130952657506,4.571027611203499
2015-11-28,-0.5033889104167059,0.7484130952657506,4.537694277870165
2015-11-29,-0.5207013332252127,0.7569790640680178,4.625200977107069
2015-11-30,-0.5319006373440796,0.7628853077569072,4.633388692468372
2015-12-01,-0.527158494656091,0.7606847126212481,4.666026107503929
2015-12-02,-0.544147707222043,0.7717958237323592,4.666026107503929
2015-12-03,-0.5415245403866569,0.7704886341898757,4.299359440837263
2015-12-04,-0.5143506284291431,0.7562029199041613,4.46602610750393
2015-12-05,-0.5003253548411746,0.7450918087930503,4.499359440837263
2015-12-06,-0.49530228450652064,0.7428315807411645,4.529041587926725
2015-12-07,-0.4952870902891567,0.7428315807411645,4.529041587926725
2015-12-08,-0.4831325196698914,0.7361649140744979,4.662374921260058
2015-12-09,-0.5234542286371797,0.7569982474078312,4.895708254593392
2015-12-10,-0.5194310109994323,0.7524265896950332,4.867939534543743
2015-12-11,-0.5147067867590503,0.750570430421606,4.874850350983438
2015-12-12,-0.5130077795393119,0.750570430421606,4.874850350983438
2015-12-13,-0.4796265538739016,0.7339037637549394,4.908183684316771
2015-12-14,-0.46201245016119324,0.7247280314706269,4.939500363086315
2015-12-15,-0.4287000455209559,0.7039642582062318,5.212166724920482
2015-12-16,-0.41520704088617305,0.6966049508469243,5.3455000582538155
2015-12-17,-0.39519866464544273,0.6866049508469243,5.112166724920482
2015-12-18,-0.40832851536209847,0.6931945334872345,5.045013806614834
2015-12-19,-0.4355829618752215,0.7070834223761234,5.145013806614833
2015-12-20,-0.42815927052043273,0.6979925132852143,4.645013806614833
2015-12-21,-0.42835578405402497,0.6979925132852143,4.8116804732815
2015-12-22,-0.4820007418613539,0.7313258466185476,4.845013806614833
2015-12-23,-0.43969874332556186,0.7091036243963255,4.778347139948167
2015-12-24,-0.4346581416628509,0.7059692666168883,4.7362211792567255
2015-12-25,-0.41527172994250816,0.6958302758105741,4.865056392334543
2015-12-26,-0.3993059919926381,0.6874627167376721,4.780101087683069
2015-12-27,-0.39571704143670167,0.6853609795470487,4.787310517906503
2015-12-28,-0.3749897178856293,0.6745113581521192,4.9179074323170715
2015-12-29,-0.34146534330475053,0.6576120560165186,4.8970673997468355
2015-12-30,-0.32816641337501723,0.650945389349852,4.930400733080169
2015-12-31,-0.34386355504722566,0.6589225655958104,4.841533196163371
2016-01-01,-0.3491897466314949,0.6589225655958104,4.841533196163371
2016-01-02,-0.3518465519575631,0.660509867183112,4.874866529496704
2016-01-03,-0.3156034762575298,0.641462248135493,4.708199862830038
2016-01-04,-0.306362126427962,0.6359066925799374,4.874866529496704
2016-01-05,-0.3227849844343863,0.6442400259132708,4.808199862830038
2016-01-06,-0.2915653341260952,0.6275733592466041,4.808199862830038
2016-01-07,-0.2854368905330247,0.6247162163894612,4.841533196163371
2016-01-08,-0.28885522162959437,0.6272162163894612,4.874866529496704
2016-01-09,-0.30515703369556657,0.6383273275005724,4.841533196163371
2016-01-10,-0.2994571189907332,0.6344765456902474,4.870551582237971
2016-01-11,-0.31516689208810866,0.6425573537710553,5.137218248904637
2016-01-12,-0.32614014006782654,0.6474731245907469,5.210915429901349
2016-01-13,-0.3246349976420681,0.6455377457639482,5.146265417798473
2016-01-14,-0.35983656851537676,0.66725491748112,4.946265417798473
2016-01-15,-0.38296818235513314,0.6793761296023321,4.61293208446514
2016-01-16,-0.41618312099572763,0.6960427962689988,4.61293208446514
2016-01-17,-0.4161684433519517,0.6960427962689988,4.61293208446514
2016-01-18,-0.4319590520427964,0.7043761296023321,4.512932084465139
2016-01-19,-0.44402437583980653,0.716876129602332,4.546265417798472
2016-01-20,-0.4338269430039097,0.716876129602332,4.246265417798472
2016-01-21,-0.37436357249529195,0.6835427962689987,4.179598751131805
2016-01-22,-0.389619894918909,0.691876129602332,4.279598751131805
2016-01-23,-0.34202262170019354,0.6683438207151026,4.188391378489914
2016-01-24,-0.3496287929510275,0.6729272559658611,4.226222832078763
2016-01-25,-0.37068188529827856,0.6840383670769722,4.359556165412097
2016-01-26,-0.35780731926061776,0.6778596677587372,4.266645814815213
2016-01-27,-0.3132670004726195,0.6553759558203333,4.136048900404644
2016-01-28,-0.32950971201665635,0.6637092891536667,4.336048900404644
2016-01-29,-0.3427831397679856,0.6703759558203333,4.302715567071311
2016-01-30,-0.3420377689825903,0.6703759558203333,4.4027155670713105
2016-01-31,-0.32587038161629545,0.662042622487,4.436048900404644
2016-02-01,-0.3227410025189693,0.6602411365629063,4.347636793522045
2016-02-02,-0.37297818966610985,0.686907803229573,4.614303460188712
2016-02-03,-0.4037941039393719,0.7035744698962396,4.4143034601887114
2016-02-04,-0.3820954939514772,0.6924633587851285,4.4476367935220456
2016-02-05,-0.38001610445880646,0.6757966921184619,4.4143034601887114
2016-02-06,-0.39830431520275594,0.6853205016422714,4.214303460188712
2016-02-07,-0.4188543337517214,0.6953205016422714,3.9809701268553783
2016-02-08,-0.41947029808493774,0.6953205016422714,4.047636793522045
2016-02-09,-0.44271457026838973,0.7075046167859298,3.9186184074474464
2016-02-10,-0.4495586341392243,0.710534919816233,3.6186184074474466
2016-02-11,-0.45381444433344914,0.7127094644791806,3.5637116135697258
2016-02-12,-0.45508879839311167,0.7142971471623709,3.58314994507213
2016-02-13,-0.4477992720778465,0.71019245108751,3.4998102880056523
2016-02-14,-0.44742427640911736,0.71019245108751,3.5331436213389855
2016-02-15,-0.4475192017729759,0.71019245108751,3.5331436213389855
2016-02-16,-0.43039212697502766,0.7006686415637005,3.7331436213389853
2016-02-17,-0.43125186006648797,0.7006686415637005,3.8331436213389853
2016-02-18,-0.4712942969344403,0.7215019748970338,3.699810288005652
2016-02-19,-0.4842775935804525,0.7215019748970338,3.899810288005652
2016-02-20,-0.5243693869851377,0.7437241971192561,3.9998102880056523
2016-02-21,-0.5581444123092819,0.7607491694337132,3.999803746212743
2016-02-22,-0.6116411180881322,0.7869818994141861,4.068762496082148
2016-02-23,-0.6008395170093569,0.7792041216364082,4.035429162748815
2016-02-24,-0.5907090395483164,0.7745032669355536,4.268762496082148
2016-02-25,-0.6107514181605638,0.783968896829883,4.346995685602223
2016-02-26,-0.6649573238345986,0.8110023070653962,4.462409329933334
2016-02-27,-0.6878092508185601,0.82172652455041,4.2714579275172415
2016-02-28,-0.6871151828767884,0.82172652455041,4.204791260850575
2016-02-29,-0.6876398615044385,0.82172652455041,4.071457927517241
2016-03-01,-0.6705081782740384,0.8133931912170766,4.071457927517241
2016-03-02,-0.6825001498385089,0.818674296549979,4.061934518344662
2016-03-03,-0.6862924793554028,0.8193182378103231,3.8571736396668914
2016-03-04,-0.6755082677842742,0.8130878322175756,3.9212141100002333
2016-03-05,-0.6873823223201853,0.8181368379262276,3.9184973551726543
2016-03-06,-0.6883883752115986,0.8348035045928943,3.951830688505988
2016-03-07,-0.6780424279364484,0.8291070737167872,4.053617953626884
2016-03-08,-0.6671550851006081,0.8232142141897799,4.089949607200225
2016-03-09,-0.6670596203147142,0.8232142141897799,3.989949607200225
2016-03-10,-0.6336073399522671,0.8065475475231132,4.023282940533559
2016-03-11,-0.6017229399024218,0.7898808808564465,4.023282940533559
2016-03-12,-0.6068232327640277,0.7925419641798006,4.039130227670242
2016-03-13,-0.60349167406048,0.7909542814966103,4.053025229501171
2016-03-14,-0.6204771876135695,0.8006145331270267,4.003031553234316
2016-03-15,-0.5859720875620075,0.7806145331270268,4.169698219900982
2016-03-16,-0.5598542541066038,0.7639478664603601,4.169698219900982
2016-03-17,-0.5770509100423151,0.7734716759841695,4.003031553234316
2016-03-18,-0.5106896234683752,0.7401383426508362,3.836364886567649
2016-03-19,-0.5107133913171847,0.7401383426508362,3.7696982199009823
2016-03-20,-0.510803988059285,0.7401383426508362,3.669698219900982
2016-03-21,-0.4997670519483646,0.7345827870952807,3.603031553234316
2016-03-22,-0.4977540394382028,0.7336804980491277,3.5893497534764394
2016-03-23,-0.4779722946715569,0.7241144347353216,3.5870576702737007
2016-03-24,-0.43405134855034105,0.7041144347353216,3.4537243369403674
2016-03-25,-0.45534340702431936,0.7143708449917319,3.0537243369403675
2016-03-26,-0.4499845100131774,0.7119709121697267,3.0091287731934075
2016-03-27,-0.44257165429096174,0.708556036483669,2.9590156505472027
2016-03-28,-0.4341151853761442,0.7046536058606779,2.9137590203068564
2016-03-29,-0.4336016155310506,0.7046536058606779,2.9804256869735233
2016-03-30,-0.41436539599758865,0.6944692474420807,3.048716227903645
2016-03-31,-0.4476174524373063,0.7111359141087473,2.982049561236978
2016-04-01,-0.4395180489976506,0.707427694024567,2.9448121489229204
2016-04-02,-0.4310085858049038,0.7035693994112651,2.913351407862783
2016-04-03,-0.4225775622168321,0.6997929017282888,2.878597521582181
2016-04-04,-0.41344636352794983,0.6957120763421529,2.8427389066307858
2016-04-05,-0.42666239017352114,0.7024607686298133,2.871798868928399
2016-04-06,-0.4179941129390649,0.6980936546612971,2.8310464866974168
2016-04-07,-0.40940235521719626,0.6937791526085907,2.7876360342662854
2016-04-08,-0.38923795110976706,0.6832198130433699,2.8492786561375367
2016-04-09,-0.40289385020598567,0.6895377376310722,2.878564127038831
2016-04-10,-0.43481825987363654,0.7062044042977388,2.8452307937054977
2016-04-11,-0.4288870538256175,0.7032272470604263,2.8040618477067136
2016-04-12,-0.4314299852390259,0.7044879567291767,2.7628226010759107
2016-04-13,-0.41329430594708244,0.6942978862715622,2.7891268286992177
2016-04-14,-0.44814369931484976,0.714297886271562,2.5891268286992175
2016-04-15,-0.45617993362447606,0.7216874685567884,2.6094415469302255
2016-04-16,-0.45322523734007597,0.7216874685567884,2.576108213596892
2016-04-17,-0.5031187780528729,0.7465732433346087,2.6304567726864403
2016-04-18,-0.486240599183207,0.7378343896564917,2.6521966613997656
2016-04-19,-0.45307875636017847,0.7045010563231584,2.585529994733099
2016-04-20,-0.45431096119479863,0.7045010563231584,2.585529994733099
2016-04-21,-0.4528129238148006,0.7034948686774354,2.5509155202936733
2016-04-22,-0.4677999631229915,0.7105119331145884,2.5009470899589723
2016-04-23,-0.5013642684284725,0.727178599781255,2.534280423292306
2016-04-24,-0.5005338922802486,0.727178599781255,2.567613756625639
2016-04-25,-0.48514294626232146,0.7201129027089307,2.5339761308525253
2016-04-26,-0.48989482565595116,0.7231610348261418,2.602008942500952
2016-04-27,-0.5087400019884465,0.7330059146307859,2.604883641824057
2016-04-28,-0.4931278795003374,0.7237992220318474,2.5567761811973
2016-04-29,-0.4958438269970562,0.7248106004659772,2.539812731310874
2016-04-30,-0.47857391929924564,0.715321310826873,2.5584269634250423
2016-05-01,-0.4968671268128981,0.7250737210260542,2.5269332251276118
2016-05-02,-0.4852986470024899,0.7198032258941635,2.796488178198852
2016-05-03,-0.48500694816035794,0.7202863196460778,2.9338682608127797
2016-05-04,-0.5043845939110516,0.7304292504346727,2.9391102972584204
2016-05-05,-0.5193838861837085,0.7403472248136789,2.876717001627474
2016-05-06,-0.5387633719301416,0.7504107696583022,2.81568211873756
2016-05-07,-0.5571982269268866,0.7606181312380159,2.7560942509286837
2016-05-08,-0.5629899604767326,0.7632870387619693,2.7528809955766538
2016-05-09,-0.5685105159263389,0.7658301181113105,2.748547094491751
2016-05-10,-0.5536594444125403,0.7577552945979075,2.8088418218880187
2016-05-11,-0.5579619405657261,0.7596355720991999,2.8090066485839253
2016-05-12,-0.5766421465972378,0.7694859735415606,2.783579228548062
2016-05-13,-0.5822748307524963,0.7720786662060435,2.783387931991126
2016-05-14,-0.5185605410872741,0.73874533287271,2.783387931991126
2016-05-15,-0.5315865736042774,0.7480224172541504,2.7964065470934516
2016-05-16,-0.5326875569921715,0.7480224172541504,3.1297398804267846
2016-05-17,-0.5492019391830713,0.7564699758096635,3.1420579880039035
2016-05-18,-0.5513730199967669,0.7571125822287382,3.158949757886804
2016-05-19,-0.5703858825936486,0.7832199126504189,3.1989135426415216
2016-05-20,-0.5887818358868072,0.7929861165349161,3.2402553889395054
2016-05-21,-0.6068948706790726,0.8028696209123349,3.1885582049297168
2016-05-22,-0.6116912470042801,0.8060543687674298,3.212268933032156
2016-05-23,-0.644127936738739,0.8227210354340964,3.345602266365489
2016-05-24,-0.6328367153754526,0.8166079676904445,3.3920023445160234
2016-05-25,-0.666514425471494,0.8332746343571112,3.4253356778493567
2016-05-26,-0.677064112022588,0.8399413010237778,3.325335677849357
2016-05-27,-0.6767371487568511,0.8399413010237778,3.25866901118269
2016-05-28,-0.6830685030840152,0.8439462002993616,3.282872212216669
2016-05-29,-0.6895245266422955,0.8480543244315474,3.3084949529375587
2016-05-30,-0.6847040052724943,0.8464325029595405,3.3232140541567237
2016-05-31,-0.6708582496159341,0.8464325029595405,3.2898807208233904
2016-06-01,-0.6910963206468044,0.8568110532183334,3.0240145387828172
2016-06-02,-0.7006573456623324,0.8617257200780788,2.886911591844294
2016-06-03,-0.6381645293465756,0.8283923867447455,2.820244925177627
2016-06-04,-0.6310931435656054,0.8283923867447455,2.820244925177627
2016-06-05,-0.6310051094920937,0.8283923867447455,2.820244925177627
2016-06-06,-0.6319615031048492,0.8283923867447455,2.886911591844294
2016-06-07,-0.580300901713936,0.8029494854526799,2.8284822253250725
2016-06-08,-0.5945916068367156,0.8107551481823028,2.7701973221753473
2016-06-09,-0.5844275460557534,0.8077188605845949,2.7765692614457462
2016-06-10,-0.5853401533671106,0.8093769050151257,2.7754507308547756
2016-06-11,-0.5713230496404033,0.8028036948432334,2.802190411229078
2016-06-12,-0.5709454022024528,0.8038631785893434,2.8028387725821107
2016-06-13,-0.6221238047648784,0.8315825985407002,2.8650056268090798
2016-06-14,-0.6143708013514466,0.8257751019386552,2.860350648423186
2016-06-15,-0.6030468982600403,0.8197673468330916,2.54519032595502
2016-06-16,-0.5982257984224193,0.8197673468330916,2.511856992621687
2016-06-17,-0.5998414115586296,0.8219278559573798,2.489543448991855
2016-06-18,-0.6133820032019109,0.8291538588690325,2.4162463309038045
2016-06-19,-0.6142302849173845,0.8304010223977951,2.387832225454297
2016-06-20,-0.6010587788212126,0.8245527817908226,2.435688509090652
2016-06-21,-0.6006921419975917,0.825190658101974,2.408909873782325
2016-06-22,-0.5875501363719313,0.8191627497606627,2.2850791797748187
2016-06-23,-0.5997793143067968,0.8252758175043146,2.205345768290951
2016-06-24,-0.5860273101932664,0.8192508456941184,2.1779438982320185
2016-06-25,-0.5766608329951954,0.813695290138563,2.311277231565352
2016-06-26,-0.5758487035672062,0.813695290138563,2.544610564898685
2016-06-27,-0.5750103527727508,0.812230416795251,2.6018481578247963
2016-06-28,-0.584611450809567,0.8172952726475328,2.6248983260602112
2016-06-29,-0.5869359928402591,0.8179897170919772,3.0582316593935444
2016-06-30,-0.6011419810884484,0.8179897170919772,3.091564992726878
2016-07-01,-0.5980401072195136,0.8166510503289993,3.093894318724949
2016-07-02,-0.5646051732679542,0.7990379707708413,3.0976639323301387
2016-07-03,-0.6088603924360874,0.8234824152152856,3.5643305989968055
2016-07-04,-0.6200301280267043,0.8234824152152856,3.5643305989968055
2016-07-05,-0.6201273789651199,0.8234824152152856,3.5976639323301387
2016-07-06,-0.6202647663467794,0.8234824152152856,3.6643305989968056
2016-07-07,-0.6863038378272126,0.856815748548619,3.697663932330139
2016-07-08,-0.6860468007439047,0.856815748548619,3.697663932330139
2016-07-09,-0.7012926761289772,0.8634824152152856,4.097663932330139
2016-07-10,-0.7040741238572755,0.8640394169321728,4.77181557463498
2016-07-11,-0.7182343065469448,0.870612627104065,4.811742560927343
2016-07-12,-0.7325180047099846,0.8771505211510869,4.818314601841274
2016-07-13,-0.731596634106959,0.8757468906734143,5.356147747614304
2016-07-14,-0.7356389041277139,0.8774700558021992,5.442209716551928
2016-07-15,-0.7402110421937189,0.8794598043873408,5.542106936917339
2016-07-16,-0.7362901386385722,0.8753032459179388,5.66424855543173
2016-07-17,-0.7409952670838458,0.8771437766062339,5.773721145308968
2016-07-18,-0.7328708407111169,0.8729073551098971,5.938332219285139
2016-07-19,-0.7369618942759699,0.8743730907206594,6.060763253555168
2016-07-20,-0.7416482085333345,0.876091032407895,6.185765830950496
2016-07-21,-0.7465087625002755,0.8778462177287889,6.316002243266639
2016-07-22,-0.7268281482506639,0.8672074594034335,6.306499603940812
2016-07-23,-0.7174183583839894,0.862628406279414,6.489482348904288
2016-07-24,-0.7219490841812382,0.8641241842306311,6.638156088582644
2016-07-25,-0.7254430416307049,0.8651859377098481,6.660161470947561
2016-07-26,-0.7171721914740521,0.8605371769412221,6.613960142359547
2016-07-27,-0.7283312637937186,0.8672038436078888,6.480626809026214
2016-07-28,-0.7197372566712769,0.8626246658012644,6.566165664509876
2016-07-29,-0.705093912760702,0.8563746658012643,6.0994989978432095
2016-07-30,-0.6949550389283329,0.8514220680702734,6.240861032251597
2016-07-31,-0.6982969331085379,0.8526210686820417,6.34937712582148
2016-08-01,-0.7328034021688136,0.8705275423147556,6.464872888780842
2016-08-02,-0.742636353165459,0.8752583771072185,6.170558160807768
2016-08-03,-0.7337758255455121,0.8709569418350536,6.348853269801139
2016-08-04,-0.7246075714978867,0.8665071812086761,6.4988137273804885
2016-08-05,-0.7152746795919231,0.8619039805606994,6.550496959359125
2016-08-06,-0.7056515974427116,0.8571420488558961,6.707410647612889
2016-08-07,-0.6636892907445482,0.8349198266336736,6.874077314279556
2016-08-08,-0.6068996819481106,0.8060309377447848,6.407410647612889
2016-08-09,-0.6047657540542206,0.8053393508904071,5.835252394082299
2016-08-10,-0.6036970199249507,0.8053393508904071,5.768585727415632
2016-08-11,-0.5704554320476771,0.7886726842237405,5.735252394082298
2016-08-12,-0.5696269058378205,0.7886450635345409,5.277847304223068
2016-08-13,-0.5639023540737717,0.7855821327666906,5.272179634832417
2016-08-14,-0.5578227440499423,0.7823449716763234,5.262871796829488
2016-08-15,-0.560584758470364,0.7837237523679477,5.47406351164843
2016-08-16,-0.5543637064007346,0.7805023722218,5.463730489798068
2016-08-17,-0.5482082879532507,0.7773159935015207,5.447364912919203
2016-08-18,-0.5416995428972561,0.7739691970456882,5.426213246000722
2016-08-19,-0.5348047613228434,0.7704477544469915,5.400021777554177
2016-08-20,-0.5275046233568618,0.7667443591614123,5.368436244253748
2016-08-21,-0.5457933445145857,0.7759424405118057,5.484589218193532
2016-08-22,-0.5398752405941231,0.7729532692784401,5.449937730927644
2016-08-23,-0.5335968321983807,0.7698094446249162,5.408964684111954
2016-08-24,-0.5269814456864274,0.7665206000357806,5.36581996732452
2016-08-25,-0.5204231441449038,0.7632786491080068,5.322780650944001
2016-08-26,-0.5041380749932401,0.7551158439048345,5.4718420527006915
2016-08-27,-0.4474140067965508,0.7263616883781256,5.319636530550363
2016-08-28,-0.46406986168334635,0.7341672638394404,5.4341067557417535
2016-08-29,-0.4561083039213207,0.7301239947280325,5.406287642758655
2016-08-30,-0.44775697195265296,0.7258999576951355,5.37376731575649
2016-08-31,-0.4379277847923715,0.7209127996048038,5.336142985652201
2016-09-01,-0.44618411852700807,0.7250708537012298,5.26379104695861
2016-09-02,-0.45502361067440306,0.7293722889733947,5.185495937965238
2016-09-03,-0.4498404245140284,0.7268045057401231,5.602202147052555
2016-09-04,-0.44095363351458283,0.7202965952769886,5.483852248407251
2016-09-05,-0.4148810754177211,0.7083918603151255,5.326938560153488
2016-09-06,-0.4570644888570479,0.7306140825373478,5.226938560153488
2016-09-07,-0.4978402758926721,0.7506140825373477,5.5269385601534875
2016-09-08,-0.4941531906249299,0.7487270043182765,5.5163070486387005
2016-09-09,-0.47794928318099766,0.7400624182602862,5.637559015833139
2016-09-10,-0.49435413050633237,0.7483404326830546,5.762992085344626
2016-09-11,-0.49175851777027824,0.7469506178261069,5.779721215728129
2016-09-12,-0.5050360944940646,0.7540978800672172,5.703981894567048
2016-09-13,-0.5196337358031774,0.7613530476780065,5.561886168006065
2016-09-14,-0.5252845173949107,0.7641308254557841,5.2285528346727315
2016-09-15,-0.524029436795019,0.7647807463817242,5.213095151679463
2016-09-16,-0.5279462402540588,0.7666479910427846,5.231516321248822
2016-09-17,-0.527471988610897,0.7663955356633742,5.224802634188412
2016-09-18,-0.5091033280301207,0.7573806105151412,5.44480190826994
2016-09-19,-0.5016138754049763,0.7533910926607412,5.832520700128148
2016-09-20,-0.4922049417717934,0.747526344643681,5.816367726188364
2016-09-21,-0.490561138516136,0.746649554139034,5.82900324326632
2016-09-22,-0.48907714922404755,0.7458509372257277,5.843487331513022
2016-09-23,-0.4782739470750414,0.7403002505578685,5.864626665935538
2016-09-24,-0.49425336336419645,0.7481909622542682,5.720533977570739
2016-09-25,-0.488505332520141,0.7452426563463292,5.638139242480715
2016-09-26,-0.53921188861781,0.7709406789789613,5.763592319807636
2016-09-27,-0.5418029931125313,0.7722087277768758,5.774953890982322
2016-09-28,-0.5447579824994165,0.7736599254682152,5.787666520231414
2016-09-29,-0.5481028450234746,0.7753068209086663,5.801938906592617
2016-09-30,-0.5667270494302007,0.7846097275885062,5.657400807070877
2016-10-01,-0.5584826111027065,0.7798478228266014,5.990734140404211
2016-10-02,-0.5584759059113064,0.7798478228266014,5.9574008070708775
2016-10-03,-0.572738424731316,0.7868653666862504,5.490734140404211
2016-10-04,-0.5601653194689306,0.7813098111306949,5.524067473737544
2016-10-05,-0.5897819095389326,0.7949461747670585,6.190734140404211
2016-10-06,-0.5898246606392608,0.7949461747670585,6.224067473737544
2016-10-07,-0.5984474231906441,0.800343000163884,6.59073414040421
2016-10-08,-0.5886463898574468,0.7953854333532747,6.573523905449588
2016-10-09,-0.605036756028103,0.8040500194112653,6.652271938255151
2016-10-10,-0.5997130369114938,0.8013275605440523,6.760172202076996
2016-10-11,-0.5944251165388855,0.798168337051298,7.3675148282193925
2016-10-12,-0.5870196191292063,0.7944646333475942,7.567514828219392
2016-10-13,-0.5600922913032967,0.78017891906188,7.767514828219392
2016-10-14,-0.5603870809751945,0.78017891906188,7.734181494886059
2016-10-15,-0.5629788276233472,0.78017891906188,7.767514828219392
2016-10-16,-0.5741080012597837,0.7857344746174355,7.600848161552725
2016-10-17,-0.5629798282142285,0.7801879567619897,7.59335474041311
2016-10-18,-0.5801738979706305,0.788521290095323,7.393354740413111
2016-10-19,-0.5897377896035519,0.7933993061838027,7.062091110772184
2016-10-20,-0.5933584709688831,0.7956215284060251,6.995424444105518
2016-10-21,-0.5871702428687537,0.7929554321569461,7.10112433599664
2016-10-22,-0.6041735188668896,0.8014270675827552,6.973008091612872
2016-10-23,-0.6274796598990026,0.8147604009160884,6.873008091612872
2016-10-24,-0.6273623957076929,0.8147604009160884,6.906341424946206
2016-10-25,-0.6494806190834372,0.8258715120271997,6.906341424946206
2016-10-26,-0.6151824617332124,0.8085068227279009,6.847555014285951
2016-10-27,-0.6037054152303678,0.8027665318020051,6.821723217919874
2016-10-28,-0.6057380853144714,0.8037702078824805,6.857380345426373
2016-10-29,-0.6207917532992538,0.8112599805188583,6.697315715206618
2016-10-30,-0.5912502186171389,0.7945933138521916,6.9306490485399515
2016-10-31,-0.5860177016637859,0.7924364330490653,6.686878326075812
2016-11-01,-0.5717852283092546,0.7852790686714468,6.814012061457737
2016-11-02,-0.5718752046994575,0.7852790686714468,6.680678728124404
2016-11-03,-0.6027971501720158,0.8019457353381135,6.580678728124403
2016-11-04,-0.5955842053248074,0.798251074174224,6.048977994611452
2016-11-05,-0.5623363291575101,0.7649177408408907,5.948977994611452
2016-11-06,-0.5667704456497058,0.7728542487773986,5.282311327944785
2016-11-07,-0.5689652416839738,0.7742828202059701,5.582311327944785
2016-11-08,-0.5445519287123818,0.7617828202059701,5.715644661278119
2016-11-09,-0.5634687644089907,0.7728939313170812,5.648977994611452
2016-11-10,-0.5746657144191285,0.779726229453727,5.082311327944785
2016-11-11,-0.5825698311733072,0.7834299331574308,4.948977994611452
2016-11-12,-0.597579066033137,0.7910489807764784,4.882311327944786
2016-11-13,-0.5837880784672425,0.7838437732170467,5.016184132356675
2016-11-14,-0.5806984228295013,0.78217710655038,5.082850799023341
2016-11-15,-0.5662539685794814,0.7746659722934964,5.223638757610352
2016-11-16,-0.5791031813587108,0.7806889368553412,5.231350438907261
2016-11-17,-0.5798833644355692,0.7806889368553412,5.164683772240594
2016-11-18,-0.5935334613452046,0.7875756266492144,4.995947401881522
2016-11-19,-0.6039729724853922,0.7986867377603255,4.9292807352148555
2016-11-20,-0.6265309602548369,0.8097978488714367,4.662614068548189
2016-11-21,-0.5974937739501087,0.7964645155381034,4.762614068548189
2016-11-22,-0.600719470699266,0.7964645155381034,4.695947401881522
2016-11-23,-0.5870791867803377,0.7894460505566587,4.788911105394678
2016-11-24,-0.5730045432758891,0.782185569541371,4.850597695235874
2016-11-25,-0.5787888117875554,0.7849633473191489,4.91726436190254
2016-11-26,-0.5402141456053553,0.7649633473191488,4.783931028569207
2016-11-27,-0.5379546993769804,0.7636251797135166,4.712432776263787
2016-11-28,-0.5220320032903177,0.755474323841569,4.840447699583228
2016-11-29,-0.5362259387228868,0.7642837832843817,4.731497620258511
2016-11-30,-0.5345089813177446,0.7633130022580132,4.664070699368261
2016-12-01,-0.5426178817531719,0.7704703666356317,4.503603630653003
2016-12-02,-0.5268568832102581,0.7625555516920329,4.624417548951382
2016-12-03,-0.5262735633475745,0.7625555516920329,4.791084215618048
2016-12-04,-0.473397550122843,0.735947182552892,4.622784949131001
2016-12-05,-0.5064600657789964,0.7692805158862254,4.656118282464334
2016-12-06,-0.5189748358099717,0.7692805158862254,4.689451615797667
2016-12-07,-0.5434126205328449,0.7811852777909873,4.2561182824643335
2016-12-08,-0.568744116731817,0.7936852777909873,3.989451615797667
2016-12-09,-0.5675495013677422,0.7936852777909873,3.822784949131
2016-12-10,-0.5640501942180755,0.7914970853995434,3.713225809445862
2016-12-11,-0.5646921501500569,0.7914970853995434,3.5798924761125286
2016-12-12,-0.5621570797776595,0.7912038814478035,3.530923251150892
2016-12-13,-0.575908287203631,0.7984090890072353,3.397050446739003
2016-12-14,-0.5622190165880532,0.790075755673902,3.197050446739003
2016-12-15,-0.575080840362711,0.7975868899307855,3.056262488151991
2016-12-16,-0.5749421388757402,0.7981695779678699,2.981259455367327
2016-12-17,-0.576734194441334,0.7998305978977964,2.9461304710696483
2016-12-18,-0.568136257749952,0.7947023927695913,3.312797137736315
2016-12-19,-0.5767383379248069,0.7947023927695913,3.5127971377363147
2016-12-20,-0.5678407302577013,0.7899404880076866,3.746130471069648
2016-12-21,-0.5968772807795519,0.8032738213410198,3.612797137736315
2016-12-22,-0.5968710103709216,0.8032738213410198,3.612797137736315
2016-12-23,-0.577472091003679,0.7936256196557978,3.519833434223159
2016-12-24,-0.5916781190397844,0.8008861006710856,3.3914801777152963
2016-12-25,-0.6229844256639784,0.8170086098896285,3.301531218326169
2016-12-26,-0.6775614190875392,0.8451813205754778,3.380894363785692
2016-12-27,-0.6823754438119628,0.8479936012948559,3.3349792461140337
2016-12-28,-0.6879045278781641,0.8511839212070381,3.2830665408219923
2016-12-29,-0.6931348239727384,0.8541804776871298,3.233120641531078
2016-12-30,-0.7085599141013316,0.8620700442785293,3.1776516182188024
2016-12-31,-0.7143251889306662,0.8620700442785293,3.2109849515521356
2017-01-01,-0.7207896132121939,0.8655015785056499,3.162245896469403
2017-01-02,-0.6880911527922212,0.8488349118389832,3.02891256313607
2017-01-03,-0.7437858815981265,0.8774063404104118,3.22891256313607
2017-01-04,-0.7352310680704404,0.873178972838357,3.271288858416624
2017-01-05,-0.7263477014894139,0.8688058339707142,3.3151264052585767
2017-01-06,-0.7261920439595829,0.8688058339707142,3.3151264052585767
2017-01-07,-0.7168467430943348,0.8642818972110836,3.291510074405424
2017-01-08,-0.7211311597301661,0.8642818972110836,3.291510074405424
2017-01-09,-0.6998721808862113,0.8545653276977655,3.367735880757229
2017-01-10,-0.6671415240239523,0.8378986610310989,3.467735880757229
2017-01-11,-0.659921740095907,0.8337474205383943,5.083371772385533
2017-01-12,-0.6500746327081826,0.8289855157764895,5.283371772385533
2017-01-13,-0.679452406112304,0.8456521824431562,5.2500384390522
2017-01-14,-0.6700504654340059,0.8403298439067134,5.396591488674689
2017-01-15,-0.6839076862374658,0.8470575246411176,5.3305495068291116
2017-01-16,-0.6876033238587745,0.8486860393564046,5.412770852889782
2017-01-17,-0.6958702997995767,0.8538142444846097,5.0127708528897825
2017-01-18,-0.6644013635662832,0.837147577817943,4.846104186223116
2017-01-19,-0.6626660415135219,0.8364580854274287,4.7373491581618445
2017-01-20,-0.651062927066169,0.8308187090628573,4.866223267063976
2017-01-21,-0.6510946407108325,0.8308187090628573,4.866223267063976
2017-01-22,-0.6733699176372976,0.8422262507546799,4.965058552135148
2017-01-23,-0.6621349013996355,0.8367857766427723,5.101784709105326
2017-01-24,-0.652008138211015,0.8317743785353404,5.391733668494453
2017-01-25,-0.6511269905622801,0.8313120701891287,5.46107295486372
2017-01-26,-0.6500494576729142,0.8307368449785865,5.534386531027503
2017-01-27,-0.6487441104184488,0.8300317733845018,5.612018254827692
2017-01-28,-0.6472133961627667,0.829199059443032,5.694049207010335
2017-01-29,-0.6351427654310787,0.8233093718376192,5.786947455527932
2017-01-30,-0.6229749128450854,0.8172165915561578,5.883049091925447
2017-01-31,-0.61960199212612,0.8155515920061752,5.976869891768759
2017-02-01,-0.5864860359388718,0.7988849253395086,6.010203225102092
2017-02-02,-0.5832563931446652,0.7968760311393931,5.976072301829751
2017-02-03,-0.5780158871042461,0.7942448952187392,6.069340696430204
2017-02-04,-0.5588550428142119,0.7819513674197154,6.025503149588251
2017-02-05,-0.5438352204745681,0.774432449054878,6.198796361643018
2017-02-06,-0.5519871082014265,0.7789563858145085,6.122412692496171
2017-02-07,-0.5520036951806567,0.7789563858145085,6.089079359162838
2017-02-08,-0.5735803456872364,0.7885755715322503,6.092151061202936
2017-02-09,-0.5928580401567403,0.7985264533092243,6.164294201244417
2017-02-10,-0.6030679194943129,0.8096375644203354,4.49762753457775
2017-02-11,-0.5996940172755651,0.8079994508781797,4.411338828873534
2017-02-12,-0.5868410833293608,0.8013787422877721,4.528971202282966
2017-02-13,-0.5839717942763927,0.8000356008526361,4.499053261372906
2017-02-14,-0.5196345486531222,0.7667022675193028,4.499053261372906
2017-02-15,-0.5138425218866214,0.7638752409042303,4.4675457582171525
2017-02-16,-0.4974470267995311,0.7557330078319623,4.587116301603951
2017-02-17,-0.5146236335732411,0.7645513874123748,4.6763272085558105
2017-02-18,-0.5095187228935285,0.7620718461015109,4.674223003396983
2017-02-19,-0.4556241826644442,0.7343778891327492,4.5453488944948495
2017-02-20,-0.4368662643332009,0.7252185059993955,4.6676023046498445
2017-02-21,-0.4287109658856052,0.7211837561802478,4.657345192667592
2017-02-22,-0.42066186460394017,0.7171974796125745,4.6420196921007735
2017-02-23,-0.42416118634266015,0.7189399214382954,4.388296233207697
2017-02-24,-0.4163347791886975,0.7150650197572322,4.3513039324609375
2017-02-25,-0.40827565220921574,0.7110763361289097,4.3105079807862285
2017-02-26,-0.3999836362483817,0.7069744244994065,4.2656283161641095
2017-02-27,-0.3914584719262525,0.7027597819151435,4.216372423376309
2017-02-28,-0.3830555650537161,0.6986028995040238,4.162214663646942
2017-03-01,-0.37478248388289337,0.6945127721918812,4.102875545430442
2017-03-02,-0.3220486366162357,0.6673277191250088,3.936979882371483
2017-03-03,-0.38631890350676146,0.7006610524583421,3.90364654903815
2017-03-04,-0.37952795536781386,0.6973432945727887,3.8321835920453364
2017-03-05,-0.39349093286756476,0.7042017980654973,3.6965389021643293
2017-03-06,-0.42175318845673204,0.7208684647321639,3.6965389021643293
2017-03-07,-0.4339039908906498,0.7283873830970014,3.523245690109562
2017-03-08,-0.41571435674147666,0.7190214307900014,3.610254162182306
2017-03-09,-0.4000399156820462,0.710688097456668,3.710254162182306
2017-03-10,-0.3940557626558322,0.7080023224885444,3.628119786354008
2017-03-11,-0.34214437814701143,0.6813847740449037,3.489309979645861
2017-03-12,-0.33148566165382864,0.6702736629337926,3.522643312979194
2017-03-13,-0.3447710581844086,0.6766736812378532,3.40893201868341
2017-03-14,-0.2931292412335234,0.6499610564949275,3.291299645273978
2017-03-15,-0.2831001874570131,0.6447860722067307,3.249652968856773
2017-03-16,-0.3252573868987219,0.6670200746966178,3.3272272091621793
2017-03-17,-0.3187544509478704,0.663680241379114,3.2879058798844216
2017-03-18,-0.3190559081445264,0.6634891411180487,3.268335336497623
2017-03-19,-0.31231219324484044,0.6600042360734167,3.219783892633548
2017-03-20,-0.30551196785369567,0.6564846633138273,3.1696308198486016
2017-03-21,-0.3493493898801561,0.6791220654970628,3.24444567570545
2017-03-22,-0.34633156636964724,0.6775325330659477,3.195371309190126
2017-03-23,-0.35914354231436435,0.6868264078599395,3.073459802767873
2017-03-24,-0.37499818540042834,0.6962531585395204,2.9520591463645136
2017-03-25,-0.3941846687903887,0.7056218278249105,2.8391159385909237
2017-03-26,-0.3901196266134223,0.7040085493885583,2.794072474175559
2017-03-27,-0.38157947278381893,0.6969726715175946,2.717055541482685
2017-03-28,-0.3809448464085998,0.6966277834837392,2.663656480286774
2017-03-29,-0.3666910419636202,0.6898691240865678,2.5897773995075632
2017-03-30,-0.36612674809669415,0.6895679594170001,2.5355554248820678
2017-03-31,-0.3204771093108959,0.6664175336772707,2.4321262400343864
2017-04-01,-0.36471471382755205,0.6893974486316594,2.481509903483848
2017-04-02,-0.345038942879716,0.6786870158258546,2.4981136932591537
2017-04-03,-0.29938804088431975,0.6554422393400949,2.4037075735243087
2017-04-04,-0.23346322554745652,0.6221089060067616,2.3703742401909755
2017-04-05,-0.2260675424840554,0.6221089060067616,2.4037075735243087
2017-04-06,-0.22909922147855205,0.6221089060067616,2.4037075735243087
2017-04-07,-0.22266421695025007,0.6187670948073395,2.3621025187429985
2017-04-08,-0.21223518821750265,0.6142418222144893,2.3056232952513773
2017-04-09,-0.20596551340917676,0.611008701515384,2.2600199679719766
2017-04-10,-0.24632582395469493,0.63207796708488,2.2689861737641133
2017-04-11,-0.2433681471380307,0.6308852533061976,2.2437788004456345
2017-04-12,-0.18614104024894174,0.5975519199728642,2.2437788004456345
2017-04-13,-0.2515391054980669,0.6308852533061976,2.2437788004456345
2017-04-14,-0.2614133484359021,0.6360590508993066,2.335457034817076
2017-04-15,-0.27332886284612196,0.6471583817427526,2.2578827945116697
2017-04-16,-0.29596112980165096,0.6583690403634488,2.181619265182189
2017-04-17,-0.2887014879883555,0.6552093521001194,2.118916481222954
2017-04-18,-0.28788732601137584,0.655044011273454,2.080955536001899
2017-04-19,-0.28727958003791226,0.6549943336168894,2.0434150089727026
2017-04-20,-0.28513924210364905,0.6541623428624007,2.002000158395711
2017-04-21,-0.28302916231086134,0.6533564742346923,1.9608494290579728
2017-04-22,-0.2882061803572404,0.6533564742346923,1.9941827623913062
2017-04-23,-0.2748738988472052,0.6450231409013589,2.094182762391306
2017-04-24,-0.21984457150760897,0.6172453631235811,2.2608494290579726
2017-04-25,-0.20925589697436223,0.6101746560528741,2.5275160957246396
2017-04-26,-0.21122778884408566,0.6139737821236628,2.5457063059220406
2017-04-27,-0.227594324668068,0.6240861893408715,2.4902510899124817
2017-04-28,-0.23805363150419626,0.629641744896427,2.523584423245815
2017-04-29,-0.19503660693990219,0.6066561462491937,2.5390659090830794
2017-04-30,-0.23606223775721139,0.6275753237060625,2.5921371473273234
2017-05-01,-0.2063721561033075,0.6045954087516738,2.5427534838778616
2017-05-02,-0.22818268826539992,0.6153058415574787,2.4928163607692233
2017-05-03,-0.27018895723832215,0.6365232843698055,2.544292787002645
2017-05-04,-0.2716572540840761,0.6365232843698055,2.577626120335978
2017-05-05,-0.25421372670545783,0.6239896045204885,2.563061503795839
2017-05-06,-0.22852076335860366,0.6110237288142985,2.6169601763405237
2017-05-07,-0.2287227133060995,0.6107567161938489,2.625748371430093
2017-05-08,-0.25496764677536576,0.6236153221200325,2.582227594921714
2017-05-09,-0.2566573755539204,0.6240500331753651,2.5933382027475673
2017-05-10,-0.2570136359798985,0.6237732078681405,2.604522755471135
2017-05-11,-0.25748417008736585,0.6235279649220006,2.616962202196152
2017-05-12,-0.29114077216344947,0.6450289292296557,2.6727195195132607
2017-05-13,-0.28237154586847274,0.6413252255259521,2.972719519513261
2017-05-14,-0.29629408621525416,0.6479918921926188,2.906052852846594
2017-05-15,-0.300842756327605,0.6455227563901497,3.772719519513261
2017-05-16,-0.29159109937054867,0.6409250552407243,4.839386186179928
2017-05-17,-0.2979652258963256,0.6440847435040536,5.3354223034724955
2017-05-18,-0.3044695136680051,0.6472499431282718,5.532723785605765
2017-05-19,-0.29604014633215653,0.6420834653410421,5.564609951973343
2017-05-20,-0.30517745196628,0.6469447205789621,5.931209946693485
2017-05-21,-0.30608261618225113,0.6451661714378057,6.032514965724886
2017-05-22,-0.30020568960118627,0.6409995047711391,6.232514965724886
2017-05-23,-0.25158081842669183,0.6159995047711391,6.132514965724885
2017-05-24,-0.2827085753352697,0.631493740567845,6.137084447301606
2017-05-25,-0.298062098201073,0.6401517492258537,6.27041778063494
2017-05-26,-0.3171342051070083,0.649315586118028,6.785560903770872
2017-05-27,-0.3108808411125566,0.6441873809898228,7.185560903770872
2017-05-28,-0.3094659266833688,0.6427984921009338,7.352227570437538
2017-05-29,-0.3402787266139413,0.6427984921009338,7.318894237104205
2017-05-30,-0.3656039942743984,0.6552126479773984,7.399156332193295
2017-05-31,-0.3923329084557898,0.6774348701996207,7.499156332193294
2017-06-01,-0.35005555180469555,0.6552126479773984,7.632489665526628
2017-06-02,-0.3363721053495922,0.6451063162761828,7.647679905959873
2017-06-03,-0.38027425863973185,0.6673513616650166,7.842427488924006
2017-06-04,-0.3933066650497145,0.6738244354537276,8.190325438797478
2017-06-05,-0.41050139608158465,0.682623644493251,8.40309343291946
2017-06-06,-0.419433516630685,0.6872650872867893,8.448901820538458
2017-06-07,-0.3899434038690286,0.6705984206201225,8.548901820538457
2017-06-08,-0.41467215219130826,0.6831300861809437,8.895790547113538
2017-06-09,-0.4201086528424289,0.6851768750882818,9.112730815790863
2017-06-10,-0.4281977016657802,0.689392609590882,9.158832075717658
2017-06-11,-0.4387564241107614,0.6928916452832268,9.236408091733884
2017-06-12,-0.44681153907761306,0.6965953489869304,8.969741425067216
2017-06-13,-0.43011840894207687,0.6882620156535971,8.969741425067216
2017-06-14,-0.43598631112237185,0.6907311514560662,8.136408091733882
2017-06-15,-0.4274004071575207,0.6869955192721583,7.369741425067216
2017-06-16,-0.42558920462959526,0.684822950971198,7.037663543172982
2017-06-17,-0.40952072570754605,0.6764896176378647,6.904330209839649
2017-06-18,-0.4416924737893891,0.6931562843045315,6.870996876506315
2017-06-19,-0.43763847601002176,0.689472018246067,6.65965194121343
2017-06-20,-0.46031211387699567,0.7028053515794003,6.526318607880097
2017-06-21,-0.44623944904988727,0.6965553515794003,6.792985274546764
2017-06-22,-0.5053188762921663,0.7272220182460669,7.692985274546763
2017-06-23,-0.49551707384733523,0.722838893560472,7.55508245963671
2017-06-24,-0.5142151853076576,0.7323627030842818,7.088415792970043
2017-06-25,-0.49926403723036394,0.7249552956768742,6.588415792970043
2017-06-26,-0.4928821077451072,0.7207760353155994,6.367326682382802
2017-06-27,-0.49353255326598505,0.7199427019822661,6.267326682382802
2017-06-28,-0.5105509171214373,0.7447683123954476,6.414475878327037
2017-06-29,-0.4912341650320428,0.7358794235065588,6.74780921166037
2017-06-30,-0.5152975734068292,0.7469905346176698,6.647809211660371
2017-07-01,-0.5423411379718025,0.7612545760412677,6.704630218959005
2017-07-02,-0.5609463042670205,0.7739529887396803,6.837963552292337
2017-07-03,-0.5758901637281423,0.7850412766841798,6.643215969328204
2017-07-04,-0.560264786180453,0.7768161684590715,6.476549302661537
2017-07-05,-0.5686824389761651,0.7809828351257383,6.2098826359948704
2017-07-06,-0.5689120956724847,0.7809828351257383,6.243215969328204
2017-07-07,-0.5556143081982232,0.7754272795701828,6.2098826359948704
2017-07-08,-0.5403417043208704,0.7676833926588098,5.975740657925728
2017-07-09,-0.5265461674644507,0.761510830155867,5.7386496307326995
2017-07-10,-0.5274561860408294,0.7619077553336554,5.798603066275207
2017-07-11,-0.5350954805724398,0.7702410886669887,5.765269732941873
2017-07-12,-0.5083022378794924,0.7569077553336554,5.865269732941873
2017-07-13,-0.5247692617687161,0.7652410886669887,5.898603066275206
2017-07-14,-0.5085468233144452,0.7571459537934366,6.033037654767455
2017-07-15,-0.48662188768547476,0.7454792871267699,5.866370988100788
2017-07-16,-0.4462314379597327,0.72265185542773,5.6651155366616885
2017-07-17,-0.4711856059615434,0.7351518554277301,5.8317822033283555
2017-07-18,-0.4462358022614937,0.72265185542773,6.065115536661689
2017-07-19,-0.46372734961205725,0.7330027881528611,5.9764604719545735
2017-07-20,-0.46390021301601336,0.7330027881528611,6.076460471954574
2017-07-21,-0.4455946637421251,0.7225861214861945,5.8097938052879075
2017-07-22,-0.43303001807018987,0.7157787463650288,5.044614281332318
2017-07-23,-0.45696668875765334,0.72688985747614,5.211280947998985
2017-07-24,-0.4569656595841202,0.7268898574761399,5.244614281332318
2017-07-25,-0.47909862716216056,0.7380009685872511,5.177947614665651
2017-07-26,-0.4786233347294472,0.738594931803515,5.136934543365061
2017-07-27,-0.4863451921854391,0.7433740673829464,5.141656424170752
2017-07-28,-0.4855105120069151,0.7433259899687223,5.097766098165363
2017-07-29,-0.4916530627137785,0.7438815455242779,4.764432764832029
2017-07-30,-0.47420034300089925,0.7350498746802874,4.894240791205548
2017-07-31,-0.4886815847234795,0.7430080554789118,4.704086450573581
2017-08-01,-0.4906416573544072,0.744198531669388,4.637419783906915
2017-08-02,-0.48877330031414323,0.7404948279656842,5.070753117240248
2017-08-03,-0.5009705118408323,0.748113875584732,4.970753117240248
2017-08-04,-0.5003938344191036,0.748113875584732,5.137419783906915
2017-08-05,-0.5168723212039704,0.7564472089180653,5.270753117240248
2017-08-06,-0.526340781949252,0.7453360978069541,5.204086450573581
2017-08-07,-0.5414988481657127,0.7530799847183272,5.038228428642723
2017-08-08,-0.5728392548352235,0.7697466513849938,5.0715617619760565
2017-08-09,-0.5839699380985037,0.7776830595405387,4.978274993100216
2017-08-10,-0.5884694589566325,0.7776830595405387,4.978274993100216
2017-08-11,-0.6130195742240683,0.7910163928738719,4.844941659766883
2017-08-12,-0.6123071670920784,0.7910163928738719,4.8782749931002165
2017-08-13,-0.5953020684706708,0.7824448610807574,4.910507071274635
2017-08-14,-0.622559120764265,0.7956326149111284,4.90742110821514
2017-08-15,-0.6711344106932959,0.823068222321857,5.04215976711911
2017-08-16,-0.6793718227684976,0.8272348889885237,4.875493100452443
2017-08-17,-0.681856610686297,0.8286237778774125,4.708826433785776
2017-08-18,-0.6721832215136211,0.8227142529766336,4.733268724605976
2017-08-19,-0.6493605460735746,0.8116031418655225,4.699935391272643
2017-08-20,-0.683152960175864,0.8324364751988559,4.566602057939309
2017-08-21,-0.6681780608283316,0.8252438503200216,4.465114915228232
2017-08-22,-0.675394262385385,0.8307994058755771,4.4317815818948985
2017-08-23,-0.6564927329029523,0.8212755963517675,4.598448248561565
2017-08-24,-0.6423126581714433,0.8146089296851008,4.898448248561565
2017-08-25,-0.6595103474904535,0.823322431958317,4.89388376378273
2017-08-26,-0.6761906312081422,0.8318766297122189,4.822495216310371
2017-08-27,-0.6759912488002684,0.8320990967132613,4.8525696797048585
2017-08-28,-0.6761057739594684,0.833765763379928,4.8525696797048585
2017-08-29,-0.683068030233348,0.8371697595419847,4.851132744825525
2017-08-30,-0.6714829106680199,0.8305030928753181,4.984466078158858
2017-08-31,-0.6336520429669134,0.8110586484308736,5.0177994114921916
2017-09-01,-0.6288628263288484,0.8083748470357696,4.6735855980953716
2017-09-02,-0.6440252585226045,0.8150415137024363,4.540252264762038
2017-09-03,-0.6324539932221184,0.8086636348645891,4.489916135960729
2017-09-04,-0.631049248409698,0.8086636348645891,4.2565828026273955
2017-09-05,-0.6528095672610766,0.8365485877909543,4.368878761338684
2017-09-06,-0.6527101506872343,0.8365485877909543,4.4355454280053515
2017-09-07,-0.6543837226182255,0.8365485877909543,4.368878761338684
2017-09-08,-0.6504488950885037,0.8323819211242877,4.802212094672018
2017-09-09,-0.6511491884042852,0.8323819211242877,4.735545428005351
2017-09-10,-0.6374605943014257,0.8323819211242877,4.735545428005351
2017-09-11,-0.605773956999186,0.8157152544576209,4.635545428005352
2017-09-12,-0.6267180980869199,0.8266019873699528,4.554012511729673
2017-09-13,-0.6187586535330921,0.8234142335395819,4.723765141455835
2017-09-14,-0.6271962080871188,0.8293119594621866,4.755693149218532
2017-09-15,-0.6049400575765429,0.8182008483510754,4.755693149218532
2017-09-16,-0.5985947649818452,0.8126452927955199,4.689026482551865
2017-09-17,-0.6082066726588226,0.8185548176962988,4.697917525064999
2017-09-18,-0.619659137252604,0.8254992621407432,4.864584191731666
2017-09-19,-0.6025880855225539,0.8143881510296321,4.831250858398333
2017-09-20,-0.62392619061711,0.8252291217547918,4.928880198343103
2017-09-21,-0.6136050019093324,0.8192025397463364,4.891945032768727
2017-09-22,-0.5996594487768665,0.8120596826034793,4.7919450327687265
2017-09-23,-0.613807017916665,0.8187263492701459,4.6252783661020604
2017-09-24,-0.5924563338169377,0.8076152381590348,4.591945032768726
2017-09-25,-0.580127450804802,0.7992819048257015,4.6252783661020604
2017-09-26,-0.5835963615277314,0.800981280854174,4.577874171829718
2017-09-27,-0.5967313240467413,0.8076479475208406,4.544540838496385
2017-09-28,-0.593989325675629,0.8064089555361078,4.7161697470022
2017-09-29,-0.5893499650689586,0.8047422888694411,4.7161697470022
2017-09-30,-0.6323718018409192,0.8267448965316058,4.671899738278139
2017-10-01,-0.6442051527956052,0.8331324016304135,4.616113551674959
2017-10-02,-0.6320324373049024,0.8273783465142209,4.740807122422371
2017-10-03,-0.6269081199705157,0.8248673364631789,5.124476584557014
2017-10-04,-0.6193622819897862,0.8211636327594752,5.3911432512236805
2017-10-05,-0.597842422183182,0.8099453464997768,5.412180625845724
2017-10-06,-0.5654962758777798,0.7932786798331101,5.445513959179057
2017-10-07,-0.5605797802701694,0.7915242938681979,6.078847292512391
2017-10-08,-0.5556626832139736,0.7885481033920073,6.012180625845724
2017-10-09,-0.5390592200708633,0.780214770058674,6.512180625845724
2017-10-10,-0.5360652720306781,0.7709555107994147,7.078847292512391
2017-10-11,-0.546025226665369,0.7760837159276198,7.912180625845724
2017-10-12,-0.5443571447150855,0.775196983015288,8.293713542121402
2017-10-13,-0.5418173470550092,0.773075770894076,8.360380208788069
2017-10-14,-0.5166934214817132,0.7591868820051871,8.66038020878807
2017-10-15,-0.5172129867814184,0.7591868820051871,8.893713542121402
2017-10-16,-0.5273974824291667,0.7675202153385204,9.127046875454736
2017-10-17,-0.5068487097497318,0.7564091042274094,9.360380208788069
2017-10-18,-0.5018753367671239,0.7522424375607427,9.493713542121403
2017-10-19,-0.5181899700129452,0.7596498449681501,9.793713542121402
2017-10-20,-0.5282242104056659,0.7654755409096571,9.729417535509965
2017-10-21,-0.5075747392614156,0.7548354562514459,9.699686034417676
2017-10-22,-0.5235723075309863,0.7631687895847793,9.699686034417676
2017-10-23,-0.4990337351003757,0.7506687895847792,9.899686034417675
2017-10-24,-0.5202220253520016,0.7617799006958903,9.899686034417675
2017-10-25,-0.532939510779858,0.7701132340292236,9.799686034417675
2017-10-26,-0.5449850210232359,0.7767471913340845,9.680423562023352
2017-10-27,-0.5449540951532942,0.7767471913340845,9.580423562023352
2017-10-28,-0.5430280957222158,0.7759453703456046,9.565955408989675
2017-10-29,-0.5448551340724059,0.7768400382885565,9.723402147230697
2017-10-30,-0.5418373179885246,0.7751191811077618,9.897591885470439
2017-10-31,-0.5265950408722478,0.7673646701114777,10.135439881521144
2017-11-01,-0.5387585037352599,0.7731187252276702,10.044079644107065
2017-11-02,-0.5559381388361545,0.7820076141165591,9.610746310773731
2017-11-03,-0.550311811264109,0.7773779844869295,9.410746310773732
2017-11-04,-0.5690393298662663,0.7869427425726858,9.56284101114524
2017-11-05,-0.5931865642266433,0.8036094092393525,9.496174344478572
2017-11-06,-0.5843596514820301,0.7986522019354462,9.13397345980542
2017-11-07,-0.5978234940670032,0.8057950590783033,8.73397345980542
2017-11-08,-0.601370104033424,0.8077190266327275,8.448938061867677
2017-11-09,-0.6209824936155987,0.8169782858919868,7.915604728534344
2017-11-10,-0.6314630004979168,0.8226035318246018,7.2230393743458725
2017-11-11,-0.6264051975217929,0.819746388967459,6.923039374345873
2017-11-12,-0.6487144706419217,0.8318676010886711,6.5563727076792055
2017-11-13,-0.6548553118544593,0.834645378866449,6.256372707679206
2017-11-14,-0.6655533766106326,0.8404377482526483,6.092799352771593
2017-11-15,-0.6733042993319713,0.8435562912958431,5.992551054591303
2017-11-16,-0.6846569554854356,0.8496559335244352,5.785397642680658
2017-11-17,-0.6908426570329927,0.8530923450252779,5.571101009669646
2017-11-18,-0.6866714924666454,0.851857981443774,5.349414837589289
2017-11-19,-0.6784548748325242,0.8467496359763179,5.430429142333748
2017-11-20,-0.6685010418750444,0.8411940804207624,5.397095809000414
2017-11-21,-0.6745612158213584,0.8443387038835473,5.445271526552152
2017-11-22,-0.6991330339346855,0.8568387038835472,5.145271526552152
2017-11-23,-0.6908400112226137,0.8568387038835472,5.045271526552153
2017-11-24,-0.6802340882172385,0.8519021074657386,5.184763648157399
2017-11-25,-0.6587706748462583,0.8407909963546275,5.2514303148240655
2017-11-26,-0.6476612382945285,0.835235440799072,5.451430314824066
2017-11-27,-0.634629549672158,0.8260372617875518,5.199231801191076
2017-11-28,-0.6036982187636687,0.8112537049557109,4.975118396283387
2017-11-29,-0.572870288056835,0.7949402084425952,4.911865333434372
2017-11-30,-0.573722971969249,0.7960280527722126,4.7740173373836665
2017-12-01,-0.5084974323644263,0.7626947194388792,4.740684004050333
2017-12-02,-0.49175204973528114,0.7545117787298751,4.800707590396896
2017-12-03,-0.4857096995896034,0.7524284453965417,6.0673742570635625
2017-12-04,-0.48554773889356806,0.752257626704725,7.715279556692055
2017-12-05,-0.46745068740279033,0.7390500795349136,9.44861289002539
2017-12-06,-0.4758227988194027,0.7435394505815099,9.744147108031875
2017-12-07,-0.45251977683212347,0.73103945058151,9.977480441365207
2017-12-08,-0.4433517195067324,0.7263377052493077,9.995849172636285
2017-12-09,-0.443289100522616,0.7263377052493077,10.062515839302952
2017-12-10,-0.44318211686033576,0.726695365299599,10.021747860158088
2017-12-11,-0.453574568714315,0.7314572700615035,10.021747860158088
2017-12-12,-0.41848681637209084,0.7147906033948369,10.055081193491421
2017-12-13,-0.4398626711821698,0.7259017145059481,9.921747860158089
2017-12-14,-0.43987085342898663,0.7256649006753043,9.918654548399036
2017-12-15,-0.45064524801893463,0.7308796909654428,9.785569513245994
2017-12-16,-0.4353238935493203,0.7225578265146282,9.992722925156638
2017-12-17,-0.4426884504548167,0.7260054729848002,10.640352891500983
2017-12-18,-0.43427524211937774,0.721665731313801,10.822799031291039
2017-12-19,-0.44461990352428915,0.7267740767812572,10.708451393213249
2017-12-20,-0.4560385096996058,0.7323296323368127,10.708451393213249
2017-12-21,-0.40024783269088454,0.7041850088740278,10.56027567566151
2017-12-22,-0.3852533125432431,0.6975183422073612,10.660275675661511
2017-12-23,-0.3729899261649605,0.6870879402145115,10.993388629994666
2017-12-24,-0.37521953393424423,0.6878578699656536,11.087229841722753
2017-12-25,-0.39821690661448444,0.6989689810767646,11.020563175056086
2017-12-26,-0.40177495764874066,0.7008208329286165,11.087229841722753
2017-12-27,-0.40554640697620953,0.7041541662619498,11.187229841722752
2017-12-28,-0.4389918414140673,0.7208208329286165,11.287229841722754
2017-12-29,-0.4616329455899982,0.7335192456270292,11.220563175056087
2017-12-30,-0.432303290154648,0.7179636900714736,11.120563175056086
2017-12-31,-0.48030788174620925,0.7427210586946279,11.469548112126985
2018-01-01,-0.430959399669527,0.7175706660702986,11.342857859113757
2018-01-02,-0.41582720075215795,0.7113206660702986,10.142857859113755
2018-01-03,-0.394709774619243,0.7005378377874705,9.042857859113756
2018-01-04,-0.39973977612985706,0.7037453849572818,7.609524525780423
2018-01-05,-0.39333787395153585,0.6999070011188979,7.742857859113756
2018-01-06,-0.41623754932079854,0.7124070011188979,7.509524525780423
2018-01-07,-0.4054513929092744,0.7068514455633425,7.276191192447089
2018-01-08,-0.3850590885689005,0.6967428747206992,7.389163302531472
2018-01-09,-0.37667307471602285,0.6920328589064703,7.437065485377385
2018-01-10,-0.3732551239893321,0.6912392081128195,7.403732152044052
2018-01-11,-0.3839924740757032,0.695405874779486,7.603732152044051
2018-01-12,-0.38361473118474476,0.695405874779486,7.8370654853773845
2018-01-13,-0.36624202252352916,0.6866757160493274,7.870398818710718
2018-01-14,-0.34212240736608385,0.673342382715994,7.970398818710718
2018-01-15,-0.3561452291784865,0.6819138112874227,7.803732152044051
2018-01-16,-0.34853013195506993,0.6791964199830748,7.237065485377385
2018-01-17,-0.35613521075987414,0.682918673383726,7.14297218433435
2018-01-18,-0.3343193657972209,0.671984834534889,7.320316052759673
2018-01-19,-0.3657458929000092,0.6886515012015556,7.253649386093006
2018-01-20,-0.39908792851147973,0.7053181678682223,7.420316052759673
2018-01-21,-0.39391743721503547,0.7020532771050575,7.503775226992764
2018-01-22,-0.3902348176131442,0.6991503457645738,7.3039956059929425
2018-01-23,-0.3654651140659844,0.6866503457645738,7.17066227265961
2018-01-24,-0.3435242992794973,0.6755392346534628,7.237328939326276
2018-01-25,-0.3363561478964506,0.6718355309497589,7.537328939326276
2018-01-26,-0.3376832237553614,0.6726688642830922,7.637328939326276
2018-01-27,-0.34203579305160786,0.673462515076743,7.67066227265961
2018-01-28,-0.3483749940516096,0.6762402928545208,7.87066227265961
2018-01-29,-0.39237294208886303,0.6984625150767431,7.8039956059929425
2018-01-30,-0.40964469312768814,0.7070384797869221,7.455010668922043
2018-01-31,-0.45786355895931413,0.731419117020954,7.677597243712458
2018-02-01,-0.47622482490308404,0.7393990865734007,7.735445424530129
2018-02-02,-0.5024741220318674,0.7518990865734005,7.068778757863462
2018-02-03,-0.48978425163461753,0.7452324199067338,6.768778757863462
2018-02-04,-0.4779388976664018,0.740181914856229,6.235445424530129
2018-02-05,-0.478173829373784,0.740181914856229,6.2021120911967955
2018-02-06,-0.5063156627188793,0.7568485815228956,6.168778757863462
2018-02-07,-0.5262305100127445,0.7669571523655389,6.122473314445746
2018-02-08,-0.5313876629585071,0.7695407486917137,6.077142549930864
2018-02-09,-0.5102295300080423,0.7584296375806027,5.94380921659753
2018-02-10,-0.525175215126479,0.766762970913936,5.94380921659753
2018-02-11,-0.4874809431690463,0.7500963042472694,5.710475883264197
2018-02-12,-0.45077277015517747,0.7310486851996502,5.5104758832641965
2018-02-13,-0.47499766300986807,0.7443820185329836,5.377142549930864
2018-02-14,-0.469111341918273,0.7404937137533328,5.321181948204341
2018-02-15,-0.46172461418451033,0.7358555659517236,5.228808911935526
2018-02-16,-0.47213464387398124,0.7414111215072791,5.228808911935526
2018-02-17,-0.4940931237449927,0.7523449603561161,5.1514650435102025
2018-02-18,-0.4714826580594662,0.7412338492450049,5.218131710176869
2018-02-19,-0.4883126573473894,0.7495671825783383,5.1514650435102025
2018-02-20,-0.5077023610434224,0.7594987400081697,5.001339202610444
2018-02-21,-0.49943938622487477,0.7561654066748364,4.901339202610444
2018-02-22,-0.5105236769015215,0.761720962230392,4.868005869277111
2018-02-23,-0.5321058247117157,0.7728320733415031,4.8013392026104444
2018-02-24,-0.5468923075624263,0.7802394807489106,4.234672535943777
2018-02-25,-0.5552322770414996,0.7855925662919764,4.104833657872873
2018-02-26,-0.5484866549064062,0.7831253148833253,4.005000335730558
2018-02-27,-0.5419389880272424,0.7789586482166586,4.138333669063892
2018-02-28,-0.5264119070371479,0.7713365326379228,4.246552071445405
2018-03-01,-0.5026660180688391,0.7588365326379228,4.513218738112072
2018-03-02,-0.45411782465390016,0.7344558954038909,4.290632163321657
2018-03-03,-0.45335551427800497,0.7342854405359769,4.171845499142054
2018-03-04,-0.4294176263312403,0.7065076627581991,4.03851216580872
2018-03-05,-0.4451414677798159,0.7136286166464129,4.108805688767642
2018-03-06,-0.45055650767054317,0.7152479942319213,4.043592091828596
2018-03-07,-0.4317935673141791,0.7054289595502634,4.148543543270961
2018-03-08,-0.41747614913287384,0.6952713374657898,4.257114010280304
2018-03-09,-0.41769394384260927,0.6952713374657898,4.090447343613637
2018-03-10,-0.4137734706615425,0.6927103232855855,4.021940612361319
2018-03-11,-0.4347368082816419,0.7027103232855855,4.121940612361319
2018-03-12,-0.42577192109961254,0.6967692999506057,3.988214426580675
2018-03-13,-0.445293274990111,0.705102633283939,4.188214426580675
2018-03-14,-0.47135474828023655,0.7162137443950501,4.2548810932473415
2018-03-15,-0.45313613712790585,0.7064280114431553,4.367118372324836
2018-03-16,-0.4508052879526228,0.7067448876513774,4.323078974051358
2018-03-17,-0.4464605208060007,0.7044385910085421,4.248785343653507
2018-03-18,-0.441500917655315,0.7044385910085421,4.048785343653508
2018-03-19,-0.4224811642239068,0.6942468182846988,4.015984838262249
2018-03-20,-0.4266168625855244,0.6951978579956656,4.0510187982023265
2018-03-21,-0.42387944553859935,0.6933081289610333,4.052778067105856
2018-03-22,-0.42455283470850425,0.6933081289610333,4.119444733772522
2018-03-23,-0.457308951694779,0.7099747956276999,4.186111400439189
2018-03-24,-0.466345627452611,0.7144192400721444,4.419444733772522
2018-03-25,-0.4486258061306065,0.704571627660839,4.537356621143988
2018-03-26,-0.4296418868510232,0.6943844424077645,4.659334435666195
2018-03-27,-0.444450094936094,0.7015313568646987,4.555839980403765
2018-03-28,-0.39343145340721436,0.6754271797019212,4.45567330254608
2018-03-29,-0.3969987946987975,0.6771660479675048,4.057593071599394
2018-03-30,-0.3925362732157012,0.6739187898754212,4.051077244018496
2018-03-31,-0.3962070496720714,0.6756056446987116,3.880424735191548
2018-04-01,-0.4443032317153465,0.6989023910676327,3.979749726060222
2018-04-02,-0.4289407824903597,0.6910928763831002,3.9073548760888204
2018-04-03,-0.4618979906469454,0.7244262097164336,3.874021542755487
2018-04-04,-0.4138003671994177,0.7006385891615531,3.7703946864632325
2018-04-05,-0.43206418638360083,0.7101303226871558,3.6689416167356126
2018-04-06,-0.43207351768048297,0.7102924386573933,3.652403619268876
2018-04-07,-0.4325768748249665,0.7108104076640004,3.631551536820206
2018-04-08,-0.4220969415531611,0.7066437409973337,3.8648848701535394
2018-04-09,-0.4223839574055862,0.7071242036770491,3.8594691549049953
2018-04-10,-0.4213248226043574,0.7071242036770491,3.8594691549049953
2018-04-11,-0.4211714740116488,0.7074812693227887,3.8550296627782483
2018-04-12,-0.42053861635031176,0.7060151061959883,3.712099651149912
2018-04-13,-0.4596525829742538,0.7282373284182104,3.645432984483245
2018-04-14,-0.4778584069434587,0.7380230613701053,3.533195705405751
2018-04-15,-0.4805712526228543,0.7376100634863157,3.5170990055921556
2018-04-16,-0.48571572284426645,0.7400563875145796,3.5349300057849886
2018-04-17,-0.4739838367888443,0.7310928146702547,3.587858626674126
2018-04-18,-0.4795653654277721,0.7412845873940981,3.520659132065384
2018-04-19,-0.4813911755066055,0.7428737849595614,3.5023708677158347
2018-04-20,-0.4833743382882447,0.7445829455112347,3.4833913091161786
2018-04-21,-0.47756620103035086,0.7445829455112347,3.3500579757828453
2018-04-22,-0.4136280144643159,0.7112496121779014,3.2833913091161784
2018-04-23,-0.42625677738501344,0.717916278844568,2.9833913091161786
2018-04-24,-0.4426237686413967,0.7277638912558734,2.932146088411379
2018-04-25,-0.45688885491820064,0.7379510765089479,3.1768349405558394
2018-04-26,-0.39028057298791297,0.7046177431756145,3.1768349405558394
2018-04-27,-0.4560414353185086,0.7379510765089479,3.276834940555839
2018-04-28,-0.4760991433116883,0.7487122082433644,3.241581838169193
2018-04-29,-0.4963351990700963,0.7595815819141837,3.1398792633685764
2018-04-30,-0.49978789393307227,0.762477303887131,3.11434321261606
2018-05-01,-0.5182182500234184,0.7725138908515432,3.0150182217473858
2018-05-02,-0.5363470846193578,0.781910921570562,3.050018850083503
2018-05-03,-0.5207481476938909,0.774390608521271,3.1207091552587958
2018-05-04,-0.5731114364420608,0.8010937329530389,3.193837057164272
2018-05-05,-0.5584438620827105,0.7942348961583162,3.2694866108595915
2018-05-06,-0.5628014602670234,0.797129463658348,3.256282576086858
2018-05-07,-0.58164337375962,0.8067691167362147,3.168564191526184
2018-05-08,-0.5313526662608312,0.777602450069548,2.935230858192851
2018-05-09,-0.5503566850822709,0.7873649766136465,2.8732485530293506
2018-05-10,-0.5637009459338131,0.7940316432803131,2.8732485530293506
2018-05-11,-0.5686157555414827,0.7970161389340208,2.8393940320035265
2018-05-12,-0.5737218640763293,0.8001541055801596,2.8093007347915826
2018-05-13,-0.5590696663482048,0.7932628678415445,2.8716904153016367
2018-05-14,-0.5587231098436373,0.7932628678415445,3.00502374863497
2018-05-15,-0.5709944069445457,0.8020091990586674,2.9544537817818988
2018-05-16,-0.5739350515836413,0.8041455029050153,2.9344373602645506
2018-05-17,-0.5747741093335013,0.8047757424160068,2.94817540604208
2018-05-18,-0.5742515950394496,0.7980438714648346,2.980871109698703
2018-05-19,-0.5774536788606718,0.7999462882408784,2.96288835942225
2018-05-20,-0.5806977944380456,0.8018553690246594,2.9449399818465976
2018-05-21,-0.5723919904057271,0.795022795542751,3.0120068777723423
2018-05-22,-0.6238827482766589,0.8224373746993976,3.046903666661044
2018-05-23,-0.6113779085625879,0.8163145255511011,3.1174865517183212
2018-05-24,-0.6006925907813515,0.8096478588844342,3.2174865517183213
2018-05-25,-0.5900820761186374,0.8019555511921266,3.2508198850516545
2018-05-26,-0.6448700763215931,0.8296091908884069,3.3284343638465392
2018-05-27,-0.6448945604195507,0.8296091908884069,3.4951010305132058
2018-05-28,-0.6432381794615234,0.8296091908884069,3.4617676971798725
2018-05-29,-0.6104882136745895,0.8129425242217402,3.4951010305132058
2018-05-30,-0.6271321307189226,0.8208599474255025,3.424622923426004
2018-05-31,-0.6173545531995058,0.8175266140921692,3.757956256759337
2018-06-01,-0.6327249276896667,0.824796250039817,3.7229556284232204
2018-06-02,-0.6365861960236846,0.8265343756094221,3.7437227481875106
2018-06-03,-0.6387749808872828,0.8274116391492974,3.7626843237400367
2018-06-04,-0.6399311072518358,0.8268630685366127,3.9537014367113836
2018-06-05,-0.654001810876982,0.8336254197480012,3.978492017508488
2018-06-06,-0.6537395534202024,0.8336254197480012,4.011825350841821
2018-06-07,-0.7050437057824138,0.8623711238772426,4.115681397422574
2018-06-08,-0.6951312639742582,0.8576253005626647,4.18863592836818
2018-06-09,-0.6949244304924697,0.8576253005626647,4.121969261701513
2018-06-10,-0.6433843294954761,0.8310580959315307,4.060656127301396
2018-06-11,-0.6573409380515646,0.8377196257455254,4.1336794361416755
2018-06-12,-0.665403640747767,0.840907159780437,4.337956422298289
2018-06-13,-0.6212922689126942,0.8186849375582147,4.804623088964956
2018-06-14,-0.6109373481494583,0.810992629865907,5.171289755631622
2018-06-15,-0.6248458571284348,0.8175211131024065,5.10680851028947
2018-06-16,-0.6273426793067985,0.8175211131024065,5.10680851028947
2018-06-17,-0.6414906981740365,0.8242529840535787,5.074112806632846
2018-06-18,-0.6555364840356466,0.830921441112216,5.108683194652105
2018-06-19,-0.6559635515182074,0.8301188547373199,5.310518528590552
2018-06-20,-0.6571319125246191,0.8302847615525617,5.543451632664808
2018-06-21,-0.637117808269321,0.8195368490625817,5.508554843776106
2018-06-22,-0.6281364967649776,0.8145485870997672,5.604638625385495
2018-06-23,-0.6408175687881574,0.821215253766434,5.504638625385495
2018-06-24,-0.6443188976836661,0.8230078221986983,5.2461778883298225
2018-06-25,-0.644299891675453,0.8227801887956048,5.312306975380969
2018-06-26,-0.6441460461268231,0.8227801887956048,5.045640308714303
2018-06-27,-0.6336325097853961,0.8166691608230394,5.1506623883251414
2018-06-28,-0.6548915975028371,0.8275887870583166,5.259305918957042
2018-06-29,-0.6430221560530797,0.8216435728189482,5.406178536852113
2018-06-30,-0.6302422016682052,0.8138657950411705,5.339511870185446
2018-07-01,-0.6195628543517812,0.8096991283745039,5.539511870185446
2018-07-02,-0.6311998781825684,0.8154813158541897,5.614721111912529
2018-07-03,-0.6049846985862715,0.8017898167714353,5.889298301121196
2018-07-04,-0.5540586002483916,0.7758638908455093,5.622631634454529
2018-07-05,-0.5408293765599481,0.7691972241788427,5.655964967787862
2018-07-06,-0.5384654553547453,0.7691972241788427,5.622631634454529
2018-07-07,-0.547960501010714,0.7737848533829347,5.65210892120711
2018-07-08,-0.5250715253091548,0.7618640100308459,5.579154390261503
2018-07-09,-0.5253224260942831,0.7618640100308459,5.512487723594836
2018-07-10,-0.5633197748002108,0.7818640100308459,5.6458210569281695
2018-07-11,-0.5630066098110571,0.7818640100308459,5.54582105692817
2018-07-12,-0.5693494555247078,0.7855677137345496,5.34582105692817
2018-07-13,-0.6018043654056638,0.8077899359567718,4.745821056928169
2018-07-14,-0.6054360593964854,0.809926688093524,4.512487723594836
2018-07-15,-0.5725840325763026,0.7932600214268573,4.54582105692817
2018-07-16,-0.5534681489676435,0.784926688093524,4.4791543902615025
2018-07-17,-0.5283623644322354,0.7715933547601906,4.745821056928169
2018-07-18,-0.5127590355348326,0.763901047067883,5.04582105692817
2018-07-19,-0.5189392984315824,0.7713084544752904,4.8124877235948365
2018-07-20,-0.5078420564844371,0.7658539090207449,5.04582105692817
2018-07-21,-0.5176547592799089,0.7714094645763004,6.079154390261503
2018-07-22,-0.5062987166632402,0.7664286216644229,7.8124877235948365
2018-07-23,-0.48841048968009726,0.7576566918398616,8.379154390261503
2018-07-24,-0.49205017180396654,0.7598527273962012,8.504281793983843
2018-07-25,-0.503858020076214,0.7657600544363478,8.393871561471142
2018-07-26,-0.4928360193660446,0.7590933877696812,8.527204894804477
2018-07-27,-0.47190691945602226,0.7485377490755798,8.422182815193638
2018-07-28,-0.4655971031457435,0.7458118512141062,8.53124753575352
2018-07-29,-0.46788743643675357,0.7517570654534746,8.38437491785845
2018-07-30,-0.4728784471010416,0.7537772674736766,8.451041584525118
2018-07-31,-0.4658370870189779,0.749597173248631,8.466594742612191
2018-08-01,-0.43985410542987247,0.7362638399152975,8.433261409278858
2018-08-02,-0.4116198963095989,0.7223749510264087,8.06659474261219
2018-08-03,-0.4644248405599177,0.7501527288041866,8.433261409278858
2018-08-04,-0.4780976449950119,0.7568193954708532,8.333261409278856
2018-08-05,-0.4478371203445971,0.7401527288041866,8.433261409278858
2018-08-06,-0.4305357849104781,0.7318193954708533,8.666594742612189
2018-08-07,-0.46274479682282404,0.7484860621375199,8.666594742612189
2018-08-08,-0.444280530406881,0.7398131677284688,8.930960078564334
2018-08-09,-0.4540028528798277,0.7446343114432437,9.066510426101036
2018-08-10,-0.43576070423064955,0.7358285980447348,9.310183199414865
2018-08-11,-0.41660637985957,0.7267192393566222,9.527775723532619
2018-08-12,-0.42840620012375047,0.7267192393566222,9.561109056865952
2018-08-13,-0.43989099659481645,0.7322747949121777,9.42777572353262
2018-08-14,-0.4548655306024942,0.7402842705988045,9.683905920895814
2018-08-15,-0.47748068949152295,0.7513953817099157,9.817239254229147
2018-08-16,-0.5025800705012605,0.764728715043249,9.617239254229146
2018-08-17,-0.5181874455606329,0.7724210227355567,9.217239254229147
2018-08-18,-0.5254913003837454,0.7724210227355567,9.183905920895814
2018-08-19,-0.5341452915467758,0.7771126567483814,8.91438543540946
2018-08-20,-0.5565802950056273,0.7882237678594926,7.847718768742794
2018-08-21,-0.5821653628449331,0.8006120181787774,6.2143854354094605
2018-08-22,-0.5840825648313714,0.8010506146700055,5.681052102076127
2018-08-23,-0.5922884451112657,0.8047543183737091,5.414385435409461
2018-08-24,-0.5592844383678346,0.7880876517070425,5.414385435409461
2018-08-25,-0.5587079651100761,0.7886937123131031,5.614385435409461
2018-08-26,-0.5913110680325158,0.8053603789797699,5.614385435409461
2018-08-27,-0.5978837255317941,0.8082777617170773,5.73001051755101
2018-08-28,-0.5939579177784715,0.8016666500521489,5.893114328501045
2018-08-29,-0.611547559660183,0.810757559143058,5.559780995167712
2018-08-30,-0.6165720586644685,0.8128665379670038,5.4595460383592815
2018-08-31,-0.6307225622004717,0.8202067634141419,5.475392453475119
2018-09-01,-0.6867718466902101,0.848489755256009,5.629716331181157
2018-09-02,-0.6983938073566546,0.8540453108115644,5.263049664514491
2018-09-03,-0.6880546288791566,0.8490123904947218,5.375568618463266
2018-09-04,-0.6585194619599252,0.8323457238280552,5.275568618463266
2018-09-05,-0.6453256090331443,0.8249927826515845,5.442235285129933
2018-09-06,-0.6351298621055939,0.8189321765909785,5.742235285129933
2018-09-07,-0.6423390606035013,0.822049515444474,5.644536615844455
2018-09-08,-0.6274902215102365,0.8138950383963658,5.408986268307754
2018-09-09,-0.6341015840880034,0.8165869846153876,5.2744622362006135
2018-09-10,-0.6416014186310409,0.8196858723829312,5.127796253878819
2018-09-11,-0.576457781768604,0.7863525390495979,5.094462920545486
2018-09-12,-0.5475124875473617,0.7730192057162646,5.194462920545487
2018-09-13,-0.5390030414700454,0.7683430633629712,5.038332723182292
2018-09-14,-0.5494130877163621,0.7738986189185266,4.871666056515625
2018-09-15,-0.5339273303243659,0.7661020195708895,4.901723506740302
2018-09-16,-0.5338674077881518,0.7661020195708895,4.901723506740302
2018-09-17,-0.5178616857129538,0.7580365719698857,5.036265696627899
2018-09-18,-0.5050420400784971,0.7487994834116064,4.80578618211425
2018-09-19,-0.4558395273771446,0.7237994834116065,4.905786182114251
2018-09-20,-0.45508072868076793,0.7275031871153101,4.639119515447584
2018-09-21,-0.45375213618167076,0.7275031871153101,4.639119515447584
2018-09-22,-0.4537489354122463,0.7275031871153101,4.639119515447584
2018-09-23,-0.4691052733257481,0.735348124602045,4.730123636669914
2018-09-24,-0.46324965451068895,0.7324917903406735,4.513921003451634
2018-09-25,-0.4452978288483595,0.723267369317938,4.60060793460514
2018-09-26,-0.43779855288777314,0.7194719912484417,4.345456484074282
2018-09-27,-0.43241374711292296,0.7166376926690036,4.292088972197498
2018-09-28,-0.4129139617218223,0.7068665786231071,4.405609281583618
2018-09-29,-0.40589126863714214,0.7032114076112487,4.36926663479825
2018-09-30,-0.41724447657451313,0.7092045154974439,4.653420219682413
2018-10-01,-0.42087617767640306,0.7112245539586072,5.199096341976374
2018-10-02,-0.4206540305030514,0.7112245539586072,5.265763008643041
2018-10-03,-0.4305864271481722,0.7162574742754498,5.153244054694266
2018-10-04,-0.4374490873972465,0.7162574742754498,5.153244054694266
2018-10-05,-0.4499459725518976,0.7227004297778488,4.7447352289940685
2018-10-06,-0.4423972152279872,0.7194079681087462,4.529036443786967
2018-10-07,-0.4348744816504187,0.715479507238933,4.478313562538243
2018-10-08,-0.44957575053398185,0.7229098350747581,4.56377265090163
2018-10-09,-0.45706251175645524,0.7290236022542452,4.454623909694942
2018-10-10,-0.4088242511358464,0.701700739841481,4.317030701232315
2018-10-11,-0.45606281830190093,0.7258973170773941,4.431411070240326
2018-10-12,-0.4839936189517558,0.7392306504107274,4.364744403573659
2018-10-13,-0.48473878469717313,0.735897317077394,4.264744403573659
2018-10-14,-0.46726978186595797,0.7267903280110972,4.377321796800336
2018-10-15,-0.4827932352221316,0.7345869273587343,4.24726434657566
2018-10-16,-0.4650567618713908,0.7254347524400699,4.3592389792162
2018-10-17,-0.4810991566976976,0.7335002000410739,4.224696789328603
2018-10-18,-0.49253168186706714,0.7415519310769729,4.301410471719246
2018-10-19,-0.5262460355209453,0.758501997665834,4.311803936261288
2018-10-20,-0.5186667485433573,0.7501744803439663,4.426004071994437
2018-10-21,-0.5199821658982454,0.7501804969075514,4.4406938675804515
2018-10-22,-0.5034439733410636,0.7415660312836737,4.559338483703915
2018-10-23,-0.5046280662180488,0.7417804418589022,4.55344934049819
2018-10-24,-0.5028174470647209,0.7395862710697688,4.502985307049802
2018-10-25,-0.45518075176306366,0.715477358759171,4.382965042562964
2018-10-26,-0.45578013771488796,0.7153396128112649,4.38425844113154
2018-10-27,-0.45658587507022474,0.7152948514368602,4.38743669868099
2018-10-28,-0.45809180284064066,0.7155854815338861,4.3868100578912435
2018-10-29,-0.45989182094794123,0.716012173738115,4.387415003515141
2018-10-30,-0.44225640742978867,0.7062194900739122,4.05594655536049
2018-10-31,-0.4300679079099499,0.699223923900912,3.437186091752231
2018-11-01,-0.4300305702359149,0.699223923900912,3.403852758418898
2018-11-02,-0.4108582953075911,0.6888523350699091,3.4522614742264457
2018-11-03,-0.44809278876307945,0.7126058638654232,3.536822214717013
2018-11-04,-0.3998329449415708,0.688515849539495,3.4786643737505445
2018-11-05,-0.4182354308271716,0.6978689172692035,3.361029825624312
2018-11-06,-0.4123898588408134,0.6962418225834611,3.3117527068730372
2018-11-07,-0.411107586177827,0.6953222359458303,3.2685796053548097
2018-11-08,-0.39567321193595606,0.6848161061508589,3.3123237296773897
2018-11-09,-0.3931269839642433,0.6848161061508589,3.3456570630107234
2018-11-10,-0.4100512850595261,0.693952862248279,3.231276694002712
2018-11-11,-0.3910488308986162,0.6833995126706335,3.2392517524165987
2018-11-12,-0.39688026837880597,0.6897236337972071,3.2819845714654465
2018-11-13,-0.39445304306455037,0.6884454719277626,3.2442143223159676
2018-11-14,-0.37358483921328417,0.6777022123390648,3.321601023085484
2018-11-15,-0.3704306341947806,0.6760562626804095,3.2858204039085623
2018-11-16,-0.34875122307851236,0.664885788979734,3.364641797146789
2018-11-17,-0.34379327536456916,0.6622421289074154,3.3323394290580834
2018-11-18,-0.33750180001942437,0.6589228230881595,3.2985647908786633
2018-11-19,-0.35351048513633027,0.6672503404100273,3.184364655145515
2018-11-20,-0.3477700815741711,0.6643906798411472,3.141042958165
2018-11-21,-0.36426481141779343,0.6730051454650248,3.1223983420415355
2018-11-22,-0.35942469851114167,0.6706335835204081,3.073051755887858
2018-11-23,-0.37906415378985614,0.6817446946315193,3.0397184225545244
2018-11-24,-0.4260595730077329,0.7052531323774338,3.110053540573646
2018-11-25,-0.4363002860424254,0.7099799071884869,3.1972449258692617
2018-11-26,-0.45317811475597697,0.7194700788072582,3.0843303692465622
2018-11-27,-0.4619634998068782,0.7289505627561287,2.9714367006501874
2018-11-28,-0.46203493656485417,0.7293967141015774,2.9226098626203614
2018-11-29,-0.4627169544437546,0.730195928723221,2.883529287008633
2018-11-30,-0.46384278335468326,0.7312639288895076,2.864437673051957
2018-12-01,-0.46414282320237515,0.7312639288895076,2.8311043397186233
2018-12-02,-0.46598022053394483,0.7327263976419075,2.8096851281838715
2018-12-03,-0.46659702845211637,0.7334202091514415,2.784611435544797
2018-12-04,-0.517095178519891,0.7587105611911463,2.7771842436670315
2018-12-05,-0.5006339153555912,0.750390235714979,2.838466458965895
2018-12-06,-0.5089486248375531,0.7532772553373346,2.8328963368612703
2018-12-07,-0.5123224537246279,0.7552757042818693,2.8178727758787345
2018-12-08,-0.5163448414505736,0.7577053455967316,2.800822742989126
2018-12-09,-0.5783130378823693,0.791038678930065,2.7674894096557927
2018-12-10,-0.5650206644922785,0.7838331161345501,2.8284373203335784
2018-12-11,-0.5710196934121253,0.7872963438402022,2.814271305434164
2018-12-12,-0.5898377476394197,0.7976388893802953,2.871538486385316
2018-12-13,-0.5965751516311893,0.8014041796372793,2.8586875954911557
2018-12-14,-0.6172410838090412,0.8121474392259772,2.847967561388306
2018-12-15,-0.6257517895626203,0.8168402384172035,2.832869187508297
2018-12-16,-0.6353035339483083,0.8220800470184956,2.814532200969039
2018-12-17,-0.6570912945351411,0.8333386427215818,2.7701208866671028
2018-12-18,-0.639638118589422,0.8280412152853098,2.726835393637814
2018-12-19,-0.6272488364537437,0.8221116020192859,2.78638144169429
2018-12-20,-0.6368860358133773,0.8275502545081873,2.774151734229783
2018-12-21,-0.624423972794814,0.8216037115601937,2.731881104375638
2018-12-22,-0.6335618797357473,0.8268095780443243,2.720116599151078
2018-12-23,-0.6209910915570684,0.8208374945286112,2.744948206018357
2018-12-24,-0.6395444976031689,0.8306623901160302,2.6746130879992354
2018-12-25,-0.6123553892995538,0.8187576282112682,2.507946421332569
2018-12-26,-0.6002669294084727,0.8125078912530361,2.5599445737923125
2018-12-27,-0.5960811910122659,0.8060426461238305,2.6137357659920473
2018-12-28,-0.6007034765511583,0.8086856092970117,2.60308493507383
2018-12-29,-0.6054616333819728,0.8113921500064527,2.5934144401795254
2018-12-30,-0.557312836107079,0.7870166857101357,2.5312665177444607
2018-12-31,-0.542069537781024,0.7796724334932439,2.5840688114597867
2019-01-01,-0.5561454867211999,0.788581553571847,2.690412640520324
2019-01-02,-0.5473533244403034,0.784134213266799,2.764258926002165
2019-01-03,-0.5623420851130632,0.7921771945604273,2.8383527845465966
2019-01-04,-0.578622191880497,0.8004975200365948,2.810403902581067
2019-01-05,-0.5810247295109326,0.8021258050262244,2.8096283013989916
2019-01-06,-0.5833937742848581,0.8037413257415469,2.8093440091755517
2019-01-07,-0.5994961665272162,0.811817814221656,2.7493165844092475
2019-01-08,-0.5864749085092813,0.8053287733327477,2.8096378459406006
2019-01-09,-0.5872147107332727,0.8060700028913061,2.808989588202912
2019-01-10,-0.5877731602405675,0.8067173704447924,2.808807460022524
2019-01-11,-0.5748887219569911,0.800052452184268,2.7332490965750247
2019-01-12,-0.5741409145208877,0.8000058408927849,2.728923631095158
2019-01-13,-0.5596780916370786,0.7931094905787429,2.7195761700984398
2019-01-14,-0.5719242379174727,0.7992148159648361,2.65848053051483
2019-01-15,-0.5558394517198276,0.788478814397553,2.631329457149195
2019-01-16,-0.5406123271543208,0.7811849804112617,2.6530994384302016
2019-01-17,-0.5656711490348542,0.7908810142185466,2.6756201087208984
2019-01-18,-0.5780159119646444,0.7968106274845704,2.7160740606644223
2019-01-19,-0.5898966742896595,0.8025589523342975,2.6569356695234294
2019-01-20,-0.6023308880313624,0.8085054952822911,2.632539632710908
2019-01-21,-0.6012539572452991,0.8078743200146348,2.6295197373164196
2019-01-22,-0.6005733663378329,0.8074273139969115,2.6255394452922145
2019-01-23,-0.5873979055678636,0.8007868765485291,2.6815925296126357
2019-01-24,-0.609469272151759,0.8111588378088233,2.7050957202889334
2019-01-25,-0.6097865941390148,0.8111123187245399,2.710100932237093
2019-01-26,-0.6102591940401598,0.8112871350211162,2.713423869004164
2019-01-27,-0.5921038110087078,0.8009976147112158,2.6933210378350356
2019-01-28,-0.5916431961640326,0.8006391824596559,2.6967660929266057
2019-01-29,-0.6574363243100982,0.8339725157929893,2.796766092926605
2019-01-30,-0.6719245807984612,0.8413167680098811,2.777297132544612
2019-01-31,-0.6644647844911519,0.8358449324240149,2.6661694474599433
2019-02-01,-0.6803831512994765,0.8439775163007052,2.585692531855114
2019-02-02,-0.670508156994262,0.8385974306559019,2.502440550194946
2019-02-03,-0.6595244001215693,0.8330318248164501,2.5197660864085645
2019-02-04,-0.6622312848838414,0.8340975496368027,2.509770837615791
2019-02-05,-0.675167170871494,0.840639505445418,2.6161260373099395
2019-02-06,-0.663986156056665,0.8351443159780185,2.67185452135511
2019-02-07,-0.6666589572479367,0.8361724381382002,2.6671033722314723
2019-02-08,-0.6693984135743467,0.8372104531467138,2.6622107440945255
2019-02-09,-0.6722130770365019,0.8382619387571248,2.657155684924595
2019-02-10,-0.6755690888385711,0.8395795072596373,2.6545317741780283
2019-02-11,-0.6790666116622336,0.840944116444701,2.6519665377326103
2019-02-12,-0.6831834567619754,0.8425935863021479,2.6496351710993054
2019-02-13,-0.6724954318026344,0.8371657789332565,2.7065191425165227
2019-02-14,-0.6904173448608469,0.8487921851033687,2.730881871568817
2019-02-15,-0.6676284568315403,0.8370384000420409,2.875778556954477
2019-02-16,-0.6711442256718325,0.8386300340359546,2.8826805724108073
2019-02-17,-0.6598874150795696,0.8330655524509875,2.844152316287042
2019-02-18,-0.6483901219380167,0.8273091921906768,2.907743775469354
2019-02-19,-0.6484607067517705,0.8273091921906768,2.8744104421360204
2019-02-20,-0.6616690752601767,0.8337133815235223,2.8200931175588067
2019-02-21,-0.6637758235029382,0.8346197976451294,2.8268018648783437
2019-02-22,-0.6664095444906292,0.8357864500967364,2.8318090833357825
2019-02-23,-0.6683730018608917,0.8366356781066645,2.836178509647743
2019-02-24,-0.6703932225515554,0.8375157939474274,2.8405260123170755
2019-02-25,-0.6724668095083773,0.8384202304621277,2.844908844845107
2019-02-26,-0.6937228374376403,0.8500898935815114,2.8740436325983865
2019-02-27,-0.7071315329493901,0.8567352541661896,2.8174847628341664
2019-02-28,-0.6972680444678508,0.8517950905167478,2.7767083753456894
2019-03-01,-0.6876318650483254,0.8466845763966356,2.8034914227714025
2019-03-02,-0.6884307296940965,0.8470583572232778,2.808226663299384
2019-03-03,-0.6887082322273405,0.8471645931171596,2.815900254038842
2019-03-04,-0.6332221709994638,0.8192113454286295,2.765818902365677
2019-03-05,-0.6323151974921629,0.8187347771738771,2.7743034822262667
2019-03-06,-0.6312836082154926,0.8182050263992936,2.7834252975576628
2019-03-07,-0.6195530302874045,0.8119362342061656,2.6725089285079267
2019-03-08,-0.6180208535060647,0.8111359555243777,2.6725314942718166
2019-03-09,-0.6163436775162352,0.8102726285376941,2.672718670893898
2019-03-10,-0.6145142038911958,0.8093437380339348,2.673081013197325
2019-03-11,-0.6125245876375178,0.8083465586986525,2.673630162448108
2019-03-12,-0.6103506394103039,0.8072695604724115,2.6742887275608695
2019-03-13,-0.6079811232425764,0.8061083688871602,2.6750584582446026
2019-03-14,-0.6053879394700281,0.8048502579418157,2.675935123318579
2019-03-15,-0.6030738881947095,0.8037359296317661,2.6748805019669253
2019-03-16,-0.6133823154186192,0.8087761901283204,2.6171844395812984
2019-03-17,-0.6512469570509718,0.8278238091759395,2.4171844395812982
2019-03-18,-0.6621652039181386,0.8332028080414077,2.3544284205009376
2019-03-19,-0.6622437486340973,0.8332075409928016,2.337541389611762
2019-03-20,-0.6627214602153669,0.8334109323308058,2.317879238375293
2019-03-21,-0.6511060646680231,0.8276664817215232,2.3633233500434065
2019-03-22,-0.6391612733031803,0.8217239466084723,2.4103345000449035
2019-03-23,-0.6383124960363217,0.8212792620899668,2.3959735564299574
2019-03-24,-0.6373436326417365,0.8207790142276644,2.380944745157343
2019-03-25,-0.6362736547538788,0.8202322327145954,2.365247029140432
2019-03-26,-0.6350971183079365,0.8196362478444978,2.348858098686065
2019-03-27,-0.6338085086524832,0.8189885243059589,2.3317529005426496
2019-03-28,-0.6317424977327943,0.817916063296457,2.3130532201269345
2019-03-29,-0.6192541681463574,0.811637306858404,2.358330917372691
2019-03-30,-0.6165640349119265,0.8102525556977712,2.34390410847707
2019-03-31,-0.6141134205408442,0.8089962791219485,2.328056270053128
2019-04-01,-0.6115507551764953,0.8076837936701785,2.311498670286016
2019-04-02,-0.6088901529919478,0.8063223867926964,2.294105512225573
2019-04-03,-0.6641647682449623,0.8341266070269273,2.3387298402333516
2019-04-04,-0.6652630297568131,0.8346573597804807,2.3237100594749758
2019-04-05,-0.6664347343939512,0.8352246816212113,2.3078578098859173
2019-04-06,-0.6680513453433296,0.836027731532075,2.2952836333817097
2019-04-07,-0.6156066148305304,0.808989866347929,2.272865916905983
2019-04-08,-0.6283813131256657,0.8153141120633393,2.2171086278761862
2019-04-09,-0.6288594897330201,0.8155199870298705,2.2013854421754573
2019-04-10,-0.6393669220677101,0.8219084350732486,2.1455977700938536
2019-04-11,-0.6506386782518798,0.8283327830575016,2.123121479175158
2019-04-12,-0.663696499289163,0.8347958374279296,2.0672861972336714
2019-04-13,-0.6657071396389364,0.8358284436171061,2.0462983032307434
2019-04-14,-0.6678669072641156,0.8369350820303936,2.0246230549984614
2019-04-15,-0.6564254162756158,0.831312153824545,2.059954884481167
2019-04-16,-0.6178912653572909,0.8113121538245451,2.1932882178145
2019-04-17,-0.6179223064628793,0.8113121538245451,2.2266215511478338
2019-04-18,-0.6163939811386537,0.8105571404739156,2.222796729131836
2019-04-19,-0.6147964821012217,0.8097690786857469,2.219518021916544
2019-04-20,-0.6135444277632158,0.809151926856927,2.214559217498377
2019-04-21,-0.6126610884862137,0.80871840893446,2.2078083456864275
2019-04-22,-0.6117765573873517,0.8082852760670287,2.201319890143547
2019-04-23,-0.6108949342699664,0.8078544575097655,2.19512592962583
2019-04-24,-0.610019806115856,0.8074276376751162,2.189259684814982
2019-04-25,-0.6091550713223378,0.8070066511175511,2.1837562912332205
2019-04-26,-0.6083049528747717,0.8065934830765716,2.1786529598777227
2019-04-27,-0.5551664219997268,0.779329614300023,2.134884519206825
2019-04-28,-0.5677625753951516,0.7856083707380762,2.122940155294402
2019-04-29,-0.566079766468635,0.7847585712567074,2.1153207086329306
2019-04-30,-0.5644234335632522,0.7839227882268716,2.107984999618441
2019-05-01,-0.562798353473394,0.7831034432115851,2.100967286836801
2019-05-02,-0.5612089810149977,0.7823027899846502,2.094307348030291
2019-05-03,-0.5576587813772057,0.7805157618107785,2.0858789862301856
2019-05-04,-0.5400014724832533,0.7693605164847626,2.075088650914353
2019-05-05,-0.5356417047142144,0.7670893383766091,2.067062128191196
2019-05-06,-0.5310758548963539,0.7647121524057311,2.0591924211156605
2019-05-07,-0.5629198906807573,0.7647121524057311,2.0258590877823273
2019-05-08,-0.5478624862762548,0.7565987783507563,2.0612335390851664
2019-05-09,-0.5450694859698607,0.7545670125342351,2.0564007148406733
2019-05-10,-0.5318736905980203,0.7461038060698983,2.092828325697248
2019-05-11,-0.5333495771018756,0.7461038060698983,2.059494992363915
2019-05-12,-0.5172679849291663,0.7373487648998949,2.0960293024454293
2019-05-13,-0.5121493931369882,0.7339529139096462,2.097744164487315
2019-05-14,-0.5099878024900804,0.732721744508633,2.296923395987366
2019-05-15,-0.5140772810827214,0.7346409690107779,2.8949248998379944
2019-05-16,-0.5195152675360956,0.7213076356774445,2.761591566504661
2019-05-17,-0.5029598333991135,0.7116975541490805,2.787853344659994
2019-05-18,-0.5151459950877781,0.7180123161332833,2.780426787022266
2019-05-19,-0.5117097711127486,0.7148482898383708,2.799768468577636
2019-05-20,-0.5218983498433131,0.7212098922764733,2.75928316132769
2019-05-21,-0.5187685999411366,0.7181923572193013,2.7782995342808365
2019-05-22,-0.515561428684121,0.7150857048452417,2.7981953840786744
2019-05-23,-0.5122740660945382,0.7118867823395685,2.818990882508083
2019-05-24,-0.5089035229889844,0.7085922700866186,2.840705751394052
2019-05-25,-0.5054465726811027,0.7051986707407244,2.8633591810547703
2019-05-26,-0.5018997315991396,0.7017022979015571,2.886969740405703
2019-05-27,-0.5523932884810744,0.7258989288636799,2.952037662488658
2019-05-28,-0.5370572369817597,0.7164471677900136,2.9848665474020604
2019-05-29,-0.5259626116008455,0.7093361677957425,3.147689190447629
2019-05-30,-0.5404225536890124,0.7165387415215133,3.1107563571270145
2019-05-31,-0.5507357734718287,0.723768626747794,3.174057447565788
2019-06-01,-0.5651092124854639,0.7310252004149722,3.137580535964778
2019-06-02,-0.5771606462125874,0.7383413416879463,3.1013845697571054
2019-06-03,-0.5923888141090665,0.7465600086427031,3.1393633480245913
2019-06-04,-0.5943456105632736,0.7458521007208442,3.1763392521567777
2019-06-05,-0.543985486684744,0.7203616956406531,3.1743661714529225
2019-06-06,-0.5627436063752714,0.7452017541110205,3.2493443152961268
2019-06-07,-0.5632567479823053,0.7448087532751675,3.2903136524068497
2019-06-08,-0.5638838944656451,0.744472261576579,3.33286237439189
2019-06-09,-0.5794670307010313,0.7529354680409157,3.296434763535315
2019-06-10,-0.5652148617901865,0.744416001421637,3.3756221691744637
2019-06-11,-0.5812872788212433,0.7531710425916405,3.3724211924262826
2019-06-12,-0.5974733097167463,0.7620392787946523,3.402496386943372
2019-06-13,-0.5793231118531674,0.7520392787946523,3.2024963869433725
2019-06-14,-0.5864923138232678,0.7557429824983559,2.6024963869433724
2019-06-15,-0.6067161860690631,0.7818030853431268,2.6577548830448676
2019-06-16,-0.6102939908723779,0.7842205174532665,2.6532687291960704
2019-06-17,-0.5974772714478951,0.77677984564131,2.6757952370993836
2019-06-18,-0.6004347709601865,0.7789154165310666,2.6715202980828914
2019-06-19,-0.5385683663473274,0.7455820831977332,2.6715202980828914
2019-06-20,-0.5514752180215788,0.7549756712904231,2.912243646940197
2019-06-21,-0.5447291400694513,0.7533617033511374,3.118970467470908
2019-06-22,-0.5458482801726274,0.7547918730411916,3.1293145910903157
2019-06-23,-0.5471222369693225,0.7563849627982456,3.1392666200453596
2019-06-24,-0.5485593285328623,0.7581500073519533,3.1487806696657246
2019-06-25,-0.5501682798902449,0.7600964800916222,3.1578086327436563
2019-06-26,-0.56507427241309,0.7692331824628328,3.092740710660701
2019-06-27,-0.5660403769794765,0.7710533898653439,3.0964605093937574
2019-06-28,-0.5775162168232543,0.7779370042941981,2.961855699372853
2019-06-29,-0.5630091307589867,0.7702796596146876,3.029505895902951
2019-06-30,-0.5223604995041548,0.7480574373924653,2.9961725625696176
2019-07-01,-0.5135090362392656,0.7443537336887617,3.262839229236284
2019-07-02,-0.5161532274248989,0.7443537336887617,3.262839229236284
2019-07-03,-0.4637137347571746,0.7194684000673383,3.1915271176354647
2019-07-04,-0.4592091873088719,0.718558617286183,3.1920508371347296
2019-07-05,-0.5088277058120689,0.743336500640879,3.233156038415238
2019-07-06,-0.4907870879605436,0.7351631088371782,3.191511227905367
2019-07-07,-0.4882881343189347,0.7348305004082821,3.1881042477501436
2019-07-08,-0.48568138420266893,0.7344980258852374,3.1831125882107725
2019-07-09,-0.48568694531602646,0.7344980258852374,3.1831125882107725
2019-07-10,-0.5001585944235062,0.7430174925045161,3.1039251825716234
2019-07-11,-0.4829419769664957,0.7341560267288098,3.141991568177542
2019-07-12,-0.4225246665696655,0.7008226933954764,3.075324901510875
2019-07-13,-0.43507678392038884,0.7077476138573894,3.1124050705284914
2019-07-14,-0.4352538365374619,0.7077476138573894,3.079071737195158
2019-07-15,-0.42934134208817937,0.7051939769096053,3.093599904579651
2019-07-16,-0.42310159600227504,0.7024689237874101,3.108783738213568
2019-07-17,-0.4170886421846892,0.6999064782062412,3.123714376183022
2019-07-18,-0.41076636244500286,0.6971820320571093,3.1393072754278544
2019-07-19,-0.4572338350234563,0.7212227917832165,3.2130764918219183
2019-07-20,-0.4602054201735746,0.7212227917832165,2.9797431584885854
2019-07-21,-0.46527529372217985,0.7231040374768906,2.772148094988191
2019-07-22,-0.4624969154064115,0.7220113534919147,2.759832008915704
2019-07-23,-0.45957880141242946,0.7208260566192826,2.746748056807785
2019-07-24,-0.43901699997244836,0.7122210563742174,2.7084553678189276
2019-07-25,-0.43518419776692985,0.7105701796943069,2.6929604276491097
2019-07-26,-0.41572251303524654,0.7005898410630762,2.7513383734301136
2019-07-27,-0.4105391388786146,0.6981600635181704,2.739437610121022
2019-07-28,-0.4047813090740722,0.6954091345258936,2.731768020836476
2019-07-29,-0.41576154340481425,0.703066479205404,2.797451157639711
2019-07-30,-0.4604046892044511,0.7252887014276262,2.7307844909730443
2019-07-31,-0.45121629036664657,0.7196473156531,2.514604645834184
2019-08-01,-0.43234348896362085,0.7099799817101035,2.5668323922422593
2019-08-02,-0.4810724359826755,0.7344620500449346,2.620861095423027
2019-08-03,-0.48182634143016084,0.7350104442779949,2.601164897432968
2019-08-04,-0.48089526020363416,0.7347233388861714,2.579372099468062
2019-08-05,-0.4967356118580574,0.7428172471236255,2.5993504477255818
2019-08-06,-0.49702690433574875,0.7430926521827753,2.5790485925523203
2019-08-07,-0.49741812923516787,0.7433890186068283,2.5582187995985817
2019-08-08,-0.4801037675917623,0.7345403640760292,2.61195048234336
2019-08-09,-0.4621982310427174,0.7253865835269269,2.6675349817345104
2019-08-10,-0.46148292936508467,0.7250841889337585,2.6511744097881986
2019-08-11,-0.5171900820496143,0.7584175222670918,2.684507743121532
2019-08-12,-0.5200215749540646,0.7601647604881161,2.6697526628661192
2019-08-13,-0.5034879248417256,0.7518945798152925,2.727330340895986
2019-08-14,-0.5060447032949631,0.7535049454327301,2.7147003559413765
2019-08-15,-0.5089048100968885,0.7552648082480858,2.70111127379406
2019-08-16,-0.5120708844240195,0.7571737161805633,2.6865387530220266
2019-08-17,-0.46526520679142525,0.7339343151119929,2.6152285105077646
2019-08-18,-0.46554215014908856,0.7343726435026403,2.5946130628762423
2019-08-19,-0.4472807857438385,0.7252130794854901,2.580634202975423
2019-08-20,-0.46509155756748277,0.734442944902927,2.52156259980915
2019-08-21,-0.4651810274071407,0.734871620468824,2.513346413288234
2019-08-22,-0.43878750043101455,0.7219551963592924,2.521788144727975
2019-08-23,-0.4562730939626776,0.7296088238199576,2.539780839373767
2019-08-24,-0.4570002965987843,0.7302653287898077,2.5344987846056517
2019-08-25,-0.45842366776012805,0.7312886214700397,2.527021557404808
2019-08-26,-0.4600748577141326,0.7324309855373455,2.5196968659318353
2019-08-27,-0.4619815311041434,0.7337076010894646,2.512384067486848
2019-08-28,-0.3992111199306408,0.7003742677561313,2.412384067486848
2019-08-29,-0.3992869350519736,0.7003742677561313,2.412384067486848
2019-08-30,-0.3974962669297168,0.6997096798976151,2.408859219957629
2019-08-31,-0.3962946379077004,0.6993555315592535,2.4034118691891937
2019-09-01,-0.3933712649119409,0.6981449619562988,2.395913620008716
2019-09-02,-0.3903210892394312,0.6968737384279645,2.3888359897527076
2019-09-03,-0.3871978413795094,0.6955685797914747,2.3822657790728683
2019-09-04,-0.38342067634196303,0.6939393154007109,2.374780100843464
2019-09-05,-0.3795032197173987,0.6922443727530535,2.3677363597500554
2019-09-06,-0.37543718792634045,0.6904807642753371,2.3611679997552786
2019-09-07,-0.3718279951605874,0.6889614677304857,2.3525203279418965
2019-09-08,-0.36871177983788367,0.6877054292547463,2.341657753673186
2019-09-09,-0.38660398439771304,0.696869289623621,2.3532852733469127
2019-09-10,-0.3780183342715738,0.6902026229569543,2.453285273346913
2019-09-11,-0.3792671326154588,0.6915304642740171,3.0309601845847083
2019-09-12,-0.39546338070193926,0.6998006449468407,3.0400491732215094
2019-09-13,-0.4118048195363796,0.7080171467657497,3.08289249469013
2019-09-14,-0.4281530332150735,0.7161749864908135,3.0261887855636607
2019-09-15,-0.4252593144128983,0.714761237191167,3.0379008556513036
2019-09-16,-0.47417873763706714,0.7394081764046555,3.1081732989496245
2019-09-17,-0.4744765512871028,0.7395818154702423,3.125882272607327
2019-09-18,-0.4754143366802429,0.7400772891248888,3.144683930180841
2019-09-19,-0.4573390223323436,0.7311144370257471,3.2186385484629394
2019-09-20,-0.4570686088137934,0.7309848789759859,3.242958966917239
2019-09-21,-0.4842856989023706,0.7446970012395256,3.251336862328179
2019-09-22,-0.4357539403414997,0.7203767071121937,3.200010834349053
2019-09-23,-0.4538211754693146,0.7293678628192001,3.1821942081955314
2019-09-24,-0.4307732186278449,0.7161026865479765,3.1979601562820377
2019-09-25,-0.42976281795593874,0.7155396417552395,3.2213485456044584
2019-09-26,-0.4286518285680992,0.7149131603988871,3.2457955965740313
2019-09-27,-0.4298860102901044,0.7149131603988871,3.2457955965740313
2019-09-28,-0.41042329208233025,0.7050825797229867,3.323236824042101
2019-09-29,-0.41086905233563775,0.705267852130758,3.3547670862519103
2019-09-30,-0.4113716191462772,0.7054717252539134,3.387572438564418
2019-10-01,-0.4119923218355422,0.7057243722641761,3.4217675702387527
2019-10-02,-0.4127396065527163,0.7060295665343902,3.457385900600341
2019-10-03,-0.4136203579179973,0.7063902902151803,3.4944590082392186
2019-10-04,-0.4146617270897924,0.7068196341742999,3.5330686257356243
2019-10-05,-0.41587409024614314,0.7073222293957222,3.573252496976506
2019-10-06,-0.417268467005142,0.7079029695722874,3.6150485141220656
2019-10-07,-0.4188353806198414,0.7085561248082115,3.6585839688179336
2019-10-08,-0.42056378140645817,0.7092751143100551,3.703995217616028
2019-10-09,-0.40064359967692736,0.6992501182517811,3.728270914775201
2019-10-10,-0.3938086866548737,0.6957759843983944,3.684418187698484
2019-10-11,-0.38816465827099417,0.6921820528259252,3.121811918308777
2019-10-12,-0.38731836370897227,0.6921820528259252,3.05514525164211
2019-10-13,-0.36748777719608877,0.6810709417148141,3.1218119183087767
2019-10-14,-0.3456993832545191,0.6700733879808422,3.1949778465263208
2019-10-15,-0.3429559378301966,0.6685324276632446,3.2003942944875283
2019-10-16,-0.33302662714913395,0.6638854884497561,3.263455184522541
2019-10-17,-0.3281490439666082,0.6612752702766359,3.2681990780368584
2019-10-18,-0.32307093077076715,0.6585579592818686,3.2724582210663766
2019-10-19,-0.3184409969008383,0.656056011773459,3.2743140718458053
2019-10-20,-0.31366073468002104,0.6534722577319926,3.275395282360584
2019-10-21,-0.33013122329606587,0.661982357690675,3.2003507202829775
2019-10-22,-0.3759867718093144,0.6848093355420776,3.276224883051356
2019-10-23,-0.35450295947648564,0.6739406919400803,3.320232637639334
2019-10-24,-0.37476220147825084,0.6856857732713474,3.3312751423855174
2019-10-25,-0.37286562853899263,0.6846563295305236,3.3350657146883127
2019-10-26,-0.37094196645349997,0.6836129905350626,3.3381439946232883
2019-10-27,-0.4166182665543155,0.7071858522776512,3.384286890989608
2019-10-28,-0.41683188630000517,0.7072583789174671,3.3863920657119366
2019-10-29,-0.41703750114366805,0.7073270177721812,3.387482582245041
2019-10-30,-0.4172328762104581,0.7073909933762594,3.387479483751269
2019-10-31,-0.41741358475713847,0.7074484630697795,3.386297135941356
2019-11-01,-0.4175747561479698,0.7074973905365171,3.383845799228977
2019-11-02,-0.41771111439387193,0.7075355664096666,3.380031550642417
2019-11-03,-0.4178162653285643,0.7075602537281276,3.374754410121961
2019-11-04,-0.41788323649823206,0.7075684614637278,3.3679096485062874
2019-11-05,-0.4212319702861666,0.707781219620842,3.4807413647022187
2019-11-06,-0.4403580135479133,0.7174960154605683,3.7921218990749543
2019-11-07,-0.44104057286443105,0.7177794948105859,3.7951607501597446
2019-11-08,-0.4529835033821597,0.7241007871651562,3.9708850530005715
2019-11-09,-0.45502401388941877,0.7250775045019411,3.9807632207696093
2019-11-10,-0.475365584364509,0.7353381027410769,3.910036156825983
2019-11-11,-0.4761529289394373,0.7353381027410769,4.010036156825984
2019-11-12,-0.4787316414105546,0.7377060832953669,3.9414167139579135
2019-11-13,-0.4833189602285854,0.7400382452027644,3.9671559852486578
2019-11-14,-0.48815906402133824,0.7425039630489547,3.993596043550766
2019-11-15,-0.49891284497258004,0.7474178928092635,3.95889245884562
2019-11-16,-0.5048012514674852,0.7503883280690093,3.9827094719769565
2019-11-17,-0.5110678138219626,0.7535548925099451,4.007200894422149
2019-11-18,-0.517710117436502,0.7569169228801688,4.032472853821333
2019-11-19,-0.5247463026455651,0.7604839802990714,4.058578976975152
2019-11-20,-0.5053497280158873,0.7493728691879603,4.125245643641819
2019-11-21,-0.509810519222655,0.7515991979343701,4.154522221593214
2019-11-22,-0.5234846955586652,0.7624678415363674,4.077181133671902
2019-11-23,-0.5286130570779061,0.7651154990627475,4.102902029923158
2019-11-24,-0.5223622189149766,0.7613412404593489,4.225066506100214
2019-11-25,-0.5275836066490994,0.7640215249394969,4.255650040978728
2019-11-26,-0.5314099974263935,0.7659813757209396,4.2856970461507675
2019-11-27,-0.5353609665453604,0.7680063066451974,4.316707562717624
2019-11-28,-0.5394410858430512,0.7700986959166809,4.3487498034235745
2019-11-29,-0.5436551618703296,0.7722610304870401,4.381897055826069
2019-11-30,-0.5480083195671419,0.7744959466048768,4.41622808754623
2019-12-01,-0.5525060285481099,0.7768062416417167,4.45182747679855
2019-12-02,-0.5571541289655882,0.7791948856152356,4.48878595701083
2019-12-03,-0.5619588828446926,0.7816650453354808,4.5272008379380315
2019-12-04,-0.5813298774733331,0.7914127632866899,4.448270516321156
2019-12-05,-0.5662727067984187,0.7842699061438326,4.2816038496544895
2019-12-06,-0.5515711901264797,0.7768309373901717,3.980969499642575
2019-12-07,-0.5553825907338558,0.778867194030847,3.987376697900604
2019-12-08,-0.5483636618945418,0.7750733424840182,3.814527618517866
2019-12-09,-0.5515822704614483,0.7767973368971932,3.808795356371254
2019-12-10,-0.5361743561885178,0.769100693341924,3.9056503686599178
2019-12-11,-0.5365054490627269,0.769100693341924,3.838983701993251
2019-12-12,-0.5106753550751529,0.7556216016765229,3.8076031448613206
2019-12-13,-0.5272529735616273,0.7642869935030974,3.708697945353032
2019-12-14,-0.5286010394845658,0.7650381324842748,3.6988738730013866
2019-12-15,-0.5296247704275878,0.7656457269558268,3.689907714868826
2019-12-16,-0.5304807539483035,0.7661718441588206,3.679811102554753
2019-12-17,-0.5311501657922394,0.7666069114570576,3.668521799386912
2019-12-18,-0.5316136158544635,0.7669410489941917,3.6559717630271042
2019-12-19,-0.531850419876736,0.7671637065354028,3.642088755649586
2019-12-20,-0.5365175681435432,0.7706291217032902,3.664229747223709
2019-12-21,-0.5374385009535776,0.7712853259711839,3.647323110176485
2019-12-22,-0.529600923103688,0.7633986130736385,3.738610113975674
2019-12-23,-0.5296349874827139,0.7633394101084969,3.7260483237705886
2019-12-24,-0.5415072114325096,0.7699570252353909,3.613153438383367
2019-12-25,-0.5419873357006479,0.7701616976593872,3.590998383121458
2019-12-26,-0.5423520714429545,0.7703058466917476,3.567043256810103
2019-12-27,-0.5495248975971124,0.7780389698035743,3.4564863380528488
2019-12-28,-0.5498726151606739,0.7783127723513982,3.4257186323504096
2019-12-29,-0.5500870099884135,0.7785214531053416,3.392746962575387
2019-12-30,-0.5501586888240081,0.7786602636743231,3.3574545099901854
2019-12-31,-0.5500777458988301,0.7787241954685509,3.3197175111347246
2020-01-01,-0.5498337324819282,0.7787079647738376,3.279404806104514
2020-01-02,-0.5494156236098353,0.7786059964786086,3.236377356730945
2020-01-03,-0.5339122629143381,0.7709717204951123,3.3134938173078736
2020-01-04,-0.5500466381461722,0.7803155729259783,3.3587867075598696
2020-01-05,-0.5499940670525721,0.7804357327720406,3.337332128522535
2020-01-06,-0.5498082555281856,0.7804898203148404,3.3149167985439805
2020-01-07,-0.5498580687345282,0.7806765954124548,3.2976888392345365
2020-01-08,-0.5497986131155771,0.780810362947464,3.2800644765746494
2020-01-09,-0.5502684146949799,0.7812141446579998,3.2584925492613643
2020-01-10,-0.5348452682685761,0.7736698048186205,3.301888844063481
2020-01-11,-0.5635010073836646,0.7888538210767337,3.3122988042036003
2020-01-12,-0.5491166446284017,0.7815729183552418,3.392033245727862
2020-01-13,-0.5498240787866762,0.7821430833852752,3.3814525344425683
2020-01-14,-0.550520606154276,0.7827119577449114,3.3708161489106288
2020-01-15,-0.5512116350348337,0.7832823064892592,3.3601611505091067
2020-01-16,-0.5519034093380414,0.7838573201110594,3.349528024685734
2020-01-17,-0.5526030569056969,0.7844406398047444,3.338960999225687
2020-01-18,-0.5533186646180545,0.7850363961243769,3.3285083179696904
2020-01-19,-0.5538980123577489,0.7855331986906212,3.3169317169609314
2020-01-20,-0.554465581339993,0.786024504646464,3.305538910298326
2020-01-21,-0.5553229830330026,0.7868047078041476,3.290605420516348
2020-01-22,-0.5709846192202915,0.7946933941338644,3.1997371430573285
2020-01-23,-0.5845132329587149,0.8023614932926847,3.145965361777883
2020-01-24,-0.5859796430633932,0.8034718310731432,3.1306193955246564
2020-01-25,-0.5874840420097557,0.8046154857069844,3.1155702968596413
2020-01-26,-0.555539145690782,0.7841026651941639,3.515570296859641
2020-01-27,-0.5596419074071661,0.7914922394491174,3.434713009114627
2020-01-28,-0.5599713866731177,0.7919395079437302,3.4361601141677047
2020-01-29,-0.5603097556875193,0.7923974129185375,3.4388741005186536
2020-01-30,-0.5606625838140645,0.7928689031754335,3.4429829484284444
2020-01-31,-0.5610359927636246,0.7933572113961783,3.4486235740258215
2020-02-01,-0.5614366955108246,0.7938658739795427,3.455942409104955
2020-02-02,-0.5104373917197548,0.7681668166297055,3.378825948528026
2020-02-03,-0.4947208072981878,0.7588229641988397,3.4001997249426967
2020-02-04,-0.49281483339779447,0.7580776963170052,3.4023675730951157
2020-02-05,-0.4744643245247594,0.7487280356398439,3.3585370131436503
2020-02-06,-0.47186454093657093,0.7476263611649262,3.360635226037068
2020-02-07,-0.4691771598971882,0.7464820852413904,3.363413527742668
2020-02-08,-0.46638091054958497,0.745284428020128,3.367031492517886
2020-02-09,-0.4640200715150239,0.7443056219236283,3.3692777907404516
2020-02-10,-0.46058969536784833,0.7427694771252452,3.3712425833796535
2020-02-11,-0.4575370429573277,0.7414314274276592,3.370525663988336
2020-02-12,-0.4543547324272712,0.7400275772222241,3.370148875351983
2020-02-13,-0.45103866889420424,0.7385557020317867,3.370125865918926
2020-02-14,-0.4475844297775721,0.7370134053263566,3.3704694767951273
2020-02-15,-0.4439872246859159,0.7353980979199874,3.371191595833382
2020-02-16,-0.44024185225339596,0.7337069757860305,3.372302995716406
2020-02-17,-0.4363426528980481,0.7319369957743633,3.373813157018017
2020-02-18,-0.43228902084887694,0.7300888508462166,3.3757745859855026
2020-02-19,-0.42807603699048336,0.728160035197932,3.3781965058367844
2020-02-20,-0.4236882121872368,0.7261378051080626,3.3812168880892135
2020-02-21,-0.4236491711449089,0.7261378051080627,3.3812168880892135
2020-02-22,-0.4055899837563292,0.7166942811462717,3.428845056644014
2020-02-23,-0.39936965142382086,0.7137019518384484,3.439128700130888
2020-02-24,-0.39288294894527465,0.7105670023947058,3.4502858864505863
2020-02-25,-0.41359619380160156,0.7218067133526134,3.1209853997764685
2020-02-26,-0.4046527710992114,0.7122138413992553,3.1941228273549673
2020-02-27,-0.4192442460368941,0.7191491911344644,3.1795841568827106
2020-02-28,-0.41437991845056016,0.7166233903832893,3.1706431243435405
2020-02-29,-0.4093356888124008,0.7139942347697672,3.1612520959268195
2020-03-01,-0.4041046439151771,0.7112575804033392,3.1513427346130607
2020-03-02,-0.3986794006846906,0.7084090185558839,3.1408392975616155
2020-03-03,-0.44677409927787914,0.7328369157474661,3.21466134230512
2020-03-04,-0.45947151309508855,0.7408657749111718,3.1875806989363307
2020-03-05,-0.4583217430285045,0.7402722603799361,3.1801742549998213
2020-03-06,-0.4741503208711645,0.7485575107378649,3.2208699189653327
2020-03-07,-0.4742291402317861,0.7485896193438284,3.2160504256180307
2020-03-08,-0.4744033456753473,0.7486622929335677,3.2109689393378713
2020-03-09,-0.48349602366114985,0.7571528119995634,3.132067889587275
2020-03-10,-0.48416760724908914,0.7575958185539059,3.1238882378233725
2020-03-11,-0.4775257632101279,0.7550590582052867,3.1115134850440507
2020-03-12,-0.49558284152186677,0.7636780106243647,3.0324959629111063
2020-03-13,-0.4970044992769822,0.7644935428106454,3.0208527590338345
2020-03-14,-0.49858952664230927,0.7653879511133647,3.0088088587964177
2020-03-15,-0.5003483217408621,0.7663663837267098,2.9963378030033585
2020-03-16,-0.5022918064386754,0.7674342556510795,2.983411810147151
2020-03-17,-0.5044314585763334,0.7685972653015984,2.970001769265452
2020-03-18,-0.523208568580781,0.7775326987757863,2.890874664031519
2020-03-19,-0.5263437239412597,0.7791686935319784,2.874153977067588
2020-03-20,-0.5450916700227739,0.7882300256920474,2.828214093539695
2020-03-21,-0.5509833826983263,0.7925968607598738,2.9488401972700546
2020-03-22,-0.5355582281564432,0.7854450283722832,3.0160415833828154
2020-03-23,-0.4892759886559212,0.7615552190007409,2.935080081494682
2020-03-24,-0.4923762058809766,0.7632053316615096,2.9176990946451573
2020-03-25,-0.49580700660978766,0.7650204464638132,2.899334032858763
2020-03-26,-0.4986418610494772,0.7665105751917857,2.8916908822753933
2020-03-27,-0.5018828630477282,0.7683828763570452,2.8812621945140293
2020-03-28,-0.4847851806245761,0.7603960789900467,2.877167787428306
2020-03-29,-0.48721294729780645,0.7619054820454523,2.8670479482243323
2020-03-30,-0.4898983691357094,0.7635575940204758,2.8569029776139017
2020-03-31,-0.49285677271471456,0.7653610427658943,2.846749882544965
2020-04-01,-0.47956745962862296,0.7417474088140316,2.775388572626245
2020-04-02,-0.43159222861177926,0.7173195116224493,2.734899861216074
2020-04-03,-0.44926592907505863,0.7259573191254103,2.72864717125153
2020-04-04,-0.44895365941822873,0.7254637004614611,2.7130772718119336
2020-04-05,-0.4480848089484281,0.7246673621760679,2.6955671805307815
2020-04-06,-0.447183280371174,0.72384245675649,2.6776194824243253
2020-04-07,-0.4462446576802881,0.7229866003365907,2.659228121841099
2020-04-08,-0.4361440849674171,0.7134344141413007,2.7164428846632065
2020-04-09,-0.4344881018805095,0.7119116070925903,2.702393044899062
2020-04-10,-0.4404589195188724,0.7134717774521048,2.692130736102478
2020-04-11,-0.4211902819433524,0.7035914939159705,2.75048007183015
2020-04-12,-0.4377009406317537,0.7114417091556157,2.6831183131956893
2020-04-13,-0.43560133497182424,0.7095814939156934,2.6718876047266984
2020-04-14,-0.4333686811326208,0.7076233942670375,2.660699666855089
2020-04-15,-0.3836024155870435,0.6820422524120016,2.5945859398501843
2020-04-16,-0.3794358979430029,0.6790575967951189,2.5816405664220716
2020-04-17,-0.35804899913134247,0.667990617374261,2.6361798962986946
2020-04-18,-0.3522457339194193,0.6641568906102017,2.6279738935135604
2020-04-19,-0.33023646863536327,0.6525760937346914,2.649628165703683
2020-04-20,-0.32091911931114153,0.645522067410272,2.499615343831396
2020-04-21,-0.31351777194623476,0.6406971377219267,2.4818075424675543
2020-04-22,-0.35822104673394056,0.6627901424709587,2.53290435427678
2020-04-23,-0.3535950079911174,0.6593275497402499,2.519635570126147
2020-04-24,-0.3486911472119902,0.6556829670946099,2.5065425196870907
2020-04-25,-0.3435204341847972,0.6518613254360865,2.4932615416668047
2020-04-26,-0.33805966200654397,0.6478433409215707,2.479882208810004
2020-04-27,-0.3330001626218906,0.6439622120226578,2.4661827060990276
2020-04-28,-0.3276824816195806,0.639895202711527,2.452359766715397
2020-04-29,-0.32208883151288686,0.6356309823215632,2.4384100008223446
2020-04-30,-0.3162002829519685,0.6311575319614138,2.4243293152457026
2020-05-01,-0.3466061162757651,0.6644908652947471,2.4909959819123695
2020-05-02,-0.39278159775852767,0.6874043434083591,2.5079268778403825
2020-05-03,-0.3920603113557194,0.6874043434083591,2.4412602111737156
2020-05-04,-0.3900984726501467,0.6860919517858384,2.4318872090827424
2020-05-05,-0.38809894461186567,0.6847617652206581,2.4227947962741894
2020-05-06,-0.4057663185216461,0.6939670166621085,2.4335408135267116
2020-05-07,-0.404370514348178,0.6929663413629883,2.4257584925503535
2020-05-08,-0.4032748745810581,0.6922605457499432,2.415734892822324
2020-05-09,-0.40219855690683715,0.6915829229450242,2.4058501289576095
2020-05-10,-0.4008792345385406,0.6908281348585733,2.3959783838836484
2020-05-11,-0.3977704837691899,0.6895973072835964,2.404295714822643
2020-05-12,-0.3772686304352444,0.6788937661554446,2.452719704988941
2020-05-13,-0.37525715817409666,0.6778355686464704,2.4451621912048807
2020-05-14,-0.37325331278191226,0.6768084022457612,2.4377298644583214
2020-05-15,-0.4202860543697896,0.7001466230128564,2.487306756336195
2020-05-16,-0.4408938874618548,0.7108447031196857,2.5012520707887926
2020-05-17,-0.4437506078244685,0.7123224302143556,2.49659938715052
2020-05-18,-0.44690594831300784,0.7139833108903609,2.492069231758691
2020-05-19,-0.4509290338029081,0.7161008011371082,2.4866361650709328
2020-05-20,-0.4554121342611857,0.7185345505759646,2.486188607182641
2020-05-21,-0.4603050432078705,0.7212185992950694,2.486339678379713
2020-05-22,-0.46382518089549224,0.7232333736683145,2.4847339999005036
2020-05-23,-0.4676262211711974,0.7254370227692823,2.4835304974789296
2020-05-24,-0.47172743040807735,0.7278423350339261,2.4827369794717518
2020-05-25,-0.477109626650634,0.7305580686305011,2.8996282614161917
2020-05-26,-0.49906765283552434,0.7422966239331154,2.8836321877891913
2020-05-27,-0.5047941177359248,0.7456874657231312,2.8980269975026456
2020-05-28,-0.5109014152363544,0.7493354747924968,2.9133948330470334
2020-05-29,-0.5174121936768732,0.7532563193604601,2.929773620365126
2020-05-30,-0.5401723672701875,0.7655510682950797,2.8822959765236025
2020-05-31,-0.5273446901721988,0.7574666223742202,2.8782372170933823
2020-06-01,-0.5319847964867398,0.7598825630282154,2.8910065391365887
2020-06-02,-0.5169482747381614,0.7516026514084987,2.956213661175781
2020-06-03,-0.5277486593621001,0.7620662530156376,2.9084840875396902
2020-06-04,-0.5325641664553425,0.7647319250085677,2.9252319941350526
2020-06-05,-0.5172317416462835,0.7566192327674839,2.922653787036261
2020-06-06,-0.5211235078037079,0.7588141600572942,2.939788107535775
2020-06-07,-0.525187253485375,0.761109112274789,2.9578589080431352
2020-06-08,-0.5294282427419899,0.7635065670792636,2.976893693528843
2020-06-09,-0.5338609668940324,0.7660127199144598,2.9969252559304014
2020-06-10,-0.5409621121898535,0.7694384458885217,2.996819230272829
2020-06-11,-0.546606714744815,0.772560676224145,3.0155812828688253
2020-06-12,-0.5525153198933647,0.7758270592440649,3.035250906719306
2020-06-13,-0.5586967681783992,0.7792414956922822,3.0558550805903746
2020-06-14,-0.5634695511807342,0.781968905095021,3.075460195219829
2020-06-15,-0.5484970910712476,0.774450591477608,3.0780622709170644
2020-06-16,-0.5521090385565157,0.7765929418659959,3.098112715184876
2020-06-17,-0.5557367311260449,0.7787518946582593,3.1190107663375035
2020-06-18,-0.5593507894732791,0.7809122771934713,3.1408167870708334
2020-06-19,-0.562934880868499,0.7830632332837303,3.1633901725842195
2020-06-20,-0.5664738406414345,0.785195806869546,3.186736741349892
2020-06-21,-0.5627630828414847,0.7833102499694911,3.2372456080198755
2020-06-22,-0.5800922350924709,0.7924623492105151,3.1877945914372443
2020-06-23,-0.5976421522844688,0.8015342713760508,3.1717033587881858
2020-06-24,-0.6008371806150633,0.8038860278602825,2.7638310608153644
2020-06-25,-0.5871832745217969,0.7971234770968441,2.790170062912446
2020-06-26,-0.590024279862471,0.7988971326614548,2.7864508582714054
2020-06-27,-0.5927526544538609,0.8006061553465912,2.7820734798308657
2020-06-28,-0.5953506013411947,0.8022389083116301,2.776980371536581
2020-06-29,-0.5953399241624938,0.8022389083116301,2.776980371536581
2020-06-30,-0.5976845873824507,0.8037827802405065,2.7734887561725534
2020-07-01,-0.5999500974078896,0.8052965808340338,2.7694364188289664
2020-07-02,-0.6028122292369292,0.8071480956418109,2.762995824265283
2020-07-03,-0.61230470800496,0.8071480956418109,2.762995824265283
2020-07-04,-0.6150543818784002,0.808610722215371,2.757401473580118
2020-07-05,-0.6184275764157341,0.8104035321963325,2.7517031179436997
2020-07-06,-0.6217828891903028,0.8121824760631959,2.7452174286474214
2020-07-07,-0.6251137732612145,0.8139436265386583,2.7378849638406724
2020-07-08,-0.6201586977630151,0.8134934076360162,2.7719885073897115
2020-07-09,-0.623134481696597,0.8151306727298628,2.7642320677848597
2020-07-10,-0.6259680118108316,0.8167062667588746,2.7562118208025157
2020-07-11,-0.6287046084086979,0.8182285285014516,2.7472680462485055
2020-07-12,-0.6313318254164969,0.8196906481310166,2.7373376027839953
2020-07-13,-0.6338364827390763,0.8210854464909729,2.726354241480327
2020-07-14,-0.6362629288439002,0.8224342927460058,2.7143161051444817
2020-07-15,-0.6392893372493266,0.8240889031345713,2.7017731339109448
2020-07-16,-0.6539304582722584,0.8315358050723715,2.631836043404782
2020-07-17,-0.668621338083537,0.8389107419170961,2.5612023511935313
2020-07-18,-0.6723892882621403,0.8409106889765314,2.5412156465081073
2020-07-19,-0.6869500016337107,0.8481419145337404,2.4691026407553003
2020-07-20,-0.7007978608838666,0.8553020543047556,2.462878082710304
2020-07-21,-0.6975978228746469,0.8530798320825334,2.496211416043637
2020-07-22,-0.6876011689957732,0.8480136193957242,2.5478049131485903
2020-07-23,-0.6870564669824396,0.8480136193957241,2.514471579815257
2020-07-24,-0.6900295460411121,0.8495352604831531,2.50587297702215
2020-07-25,-0.6935759694202479,0.851342563358543,2.496069629232829
2020-07-26,-0.6971467175551244,0.853151026486029,2.4860564834039125
2020-07-27,-0.7007465130470195,0.8549629185942854,2.4758490007685006
2020-07-28,-0.7043808550336353,0.856780987914377,2.4654651603971875
2020-07-29,-0.7044109593528899,0.856780987914377,2.4654651603971875
2020-07-30,-0.7177991731560266,0.8633215619063601,2.4396822018581026
2020-07-31,-0.721862934570166,0.8653224233226471,2.4283113667901413
2020-08-01,-0.7259681314721251,0.8673284346219864,2.4167705234289296
2020-08-02,-0.6891950637593413,0.8506617679553197,2.450103856762263
2020-08-03,-0.7019045379973156,0.8570414105481406,2.3915238076429257
2020-08-04,-0.6822179136237356,0.8466946261415963,2.366467037044802
2020-08-05,-0.68430188010259,0.8478847002822307,2.3534066787136774
2020-08-06,-0.6863428494019849,0.8490550821354573,2.340148806812747
2020-08-07,-0.6968796382561208,0.8524707746228869,2.2829125587718067
2020-08-08,-0.6994225747502433,0.8537583643433361,2.266315334323081
2020-08-09,-0.7019554907505333,0.8550360228807313,2.2494223520306864
2020-08-10,-0.7044813832572075,0.8563052468248443,2.232255259126624
2020-08-11,-0.7070037817905679,0.857567819193597,2.2148386265867144
2020-08-12,-0.7044592777283937,0.8551983043105645,2.257293485204037
2020-08-13,-0.716563624890464,0.861117161219031,2.200149615032555
2020-08-14,-0.7192282554311668,0.862393997704702,2.1828522523126095
2020-08-15,-0.7098449999127575,0.8576489631427952,2.2236402610130446
2020-08-16,-0.6999616163935302,0.8527403066994433,2.265834752772115
2020-08-17,-0.700912386208607,0.8531482245519576,2.256338859884667
2020-08-18,-0.6428029517629079,0.8198148912186242,2.256338859884667
2020-08-19,-0.6311096185300702,0.8136016116054733,2.2306953722944836
2020-08-20,-0.6440271464744555,0.8209671844194552,2.135202109270155
2020-08-21,-0.6425245938052553,0.8200345487306182,2.120974426377795
2020-08-22,-0.6308225492014774,0.8138288435144327,2.159628716942547
2020-08-23,-0.6287809284202465,0.8125975877568907,2.147689259698423
2020-08-24,-0.638658564696605,0.8175528356449393,2.0978202720573282
2020-08-25,-0.6485639723394655,0.8224478014287383,2.0482850559438646
2020-08-26,-0.6467645741640494,0.8213265904919952,2.0335414716395666
2020-08-27,-0.6447778056277083,0.8201040250636372,2.0186475513375797
2020-08-28,-0.6325429604377277,0.813900715583073,2.05377332896991
2020-08-29,-0.6198950968911835,0.807483498879041,2.0556275816930105
2020-08-30,-0.6163789642923398,0.8054890532085719,2.042776416689661
2020-08-31,-0.6126000272217892,0.8033566607460403,2.0298800681814106
2020-09-01,-0.6373209814228722,0.8138172352545244,2.03091041536008
2020-09-02,-0.6249410630846182,0.8073971399184735,2.0664590503724964
2020-09-03,-0.6455311393905111,0.8179970412949726,2.0687507417646516
2020-09-04,-0.6441942169816762,0.8169664323643776,2.058935019800892
2020-09-05,-0.6427408155464304,0.8158599271998577,2.0492379926625524
2020-09-06,-0.6408739592691113,0.8145974841852704,2.041180249003612
2020-09-07,-0.6388550411734228,0.813247109007406,2.0334169701994926
2020-09-08,-0.6366791632842514,0.8118061119772915,2.0259685087570376
2020-09-09,-0.6343411553857242,0.8102716590515137,2.018855172537397
2020-09-10,-0.6440937227041467,0.8150193984117272,1.9783605516511733
2020-09-11,-0.6470796658832458,0.8172614466328213,1.9086488465356966
2020-09-12,-0.634930918012328,0.8109601172063668,1.9399815653817547
2020-09-13,-0.6320241129630512,0.8091865351202172,1.931606714108277
2020-09-14,-0.6293406337940823,0.8075154169125422,1.9215365918012162
2020-09-15,-0.5732555852842213,0.7790907400225607,1.8793421000421455
2020-09-16,-0.5688536263509619,0.776537033659478,1.8663422117717137
2020-09-17,-0.6141081219413695,0.8033141727511842,1.896216081143152
2020-09-18,-0.6135218631474946,0.8029594334803467,1.8846823124827616
2020-09-19,-0.6124699565430368,0.802338476551412,1.8760436988004376
2020-09-20,-0.6114335894699956,0.8017282671659219,1.8675978116425975
2020-09-21,-0.6107650043921841,0.801311005912525,1.8575277804253578
2020-09-22,-0.6101437653879045,0.8009218134351331,1.8475222121745627
2020-09-23,-0.5970485479492472,0.7940570483811722,1.876747116042651
2020-09-24,-0.5833499130273636,0.7869555672908678,1.9069797752165354
2020-09-25,-0.5811632003163122,0.7857703595942773,1.9026155787881551
2020-09-26,-0.5927638070905079,0.791766892092156,1.8686606604102356
2020-09-27,-0.5933657111139287,0.7979702015727203,1.8335348827779054
2020-09-28,-0.5924509045170919,0.7976421568380195,1.8258765138497983
2020-09-29,-0.5916257988321137,0.7973715742045522,1.8183972068553202
2020-09-30,-0.5909025494166665,0.7971651919100181,1.8111046943958
2020-10-01,-0.5893019136889363,0.7965909835188282,1.8035251867763418
2020-10-02,-0.5880729773824883,0.7962183574360819,1.7944585018247503
2020-10-03,-0.586091661353256,0.7954673683374994,1.7850001487233744
2020-10-04,-0.5840881248728155,0.7947260213020898,1.775554118686219
2020-10-05,-0.5820656182359202,0.7939972659263046,1.7661167437215175
2020-10-06,-0.5800377443619034,0.7932869135725472,1.7566317952635144
2020-10-07,-0.5780095616835896,0.7925986309713452,1.7470874788864117
2020-10-08,-0.5759864719582402,0.7919363040401056,1.7374708916494936
2020-10-09,-0.5739742414939356,0.7913040504190226,1.7277679854119796
2020-10-10,-0.5592981529103676,0.7841076383645063,1.7528634331848065
2020-10-11,-0.5562712041860894,0.7829644035966332,1.7474915223796035
2020-10-12,-0.5535588002804317,0.7819990341618149,1.7408539346898741
2020-10-13,-0.5657939393221475,0.788359482991141,1.7098003775529316
2020-10-14,-0.5781354931451914,0.794775635760723,1.6790824911595577
2020-10-15,-0.6319536077992863,0.822181692166265,1.7024991287857492
2020-10-16,-0.6249265208821214,0.818519346599838,1.740287721726692
2020-10-17,-0.625299569206529,0.8190436629394467,1.7349108817468142
2020-10-18,-0.625705697092796,0.8195982915414847,1.7297463496524712
2020-10-19,-0.6261621020333529,0.8201934575756251,1.724701613474955
2020-10-20,-0.6266699818706255,0.8208301882794081,1.719774158365726
2020-10-21,-0.6272184294594412,0.8215032635334385,1.715024033467118
2020-10-22,-0.6278072110608323,0.822212968709242,1.7104551307530684
2020-10-23,-0.6288678547012894,0.8231838625136583,1.7047209243637724
2020-10-24,-0.6427088016730387,0.8302853436039627,1.6744882651898878
2020-10-25,-0.6448310638878701,0.8318203430525725,1.6666218061002924
2020-10-26,-0.6328322725059776,0.826021044537144,1.689608764931337
2020-10-27,-0.6322195892554895,0.8200217702108386,1.7133883775151761
2020-10-28,-0.6335909232003225,0.8207934810167978,1.7095094762622582
2020-10-29,-0.6350379964149949,0.8216011329758409,1.705754726931463
2020-10-30,-0.6365599083109804,0.8224437516332831,1.7021219694326928
2020-10-31,-0.5857824545099707,0.795890718849322,1.6753377965401481
2020-11-01,-0.5857034708648533,0.79587942096702,1.6712301860130927
2020-11-02,-0.5993568997777857,0.80269717535577,1.6450635143889802
2020-11-03,-0.5998834091274843,0.8029720427369315,1.6405638383787307
2020-11-04,-0.6004978155452917,0.8032815177993669,1.636234427849669
2020-11-05,-0.6012033350419955,0.8036261593244297,1.632082794490571
2020-11-06,-0.602003120096972,0.8040064189228119,1.6281171157183005
2020-11-07,-0.6029002456286633,0.8044226297808362,1.6243462958586041
2020-11-08,-0.6038976937493346,0.804874994586416,1.6207800307015912
2020-11-09,-0.5520237321537389,0.7787380733075991,1.5956845829287643
2020-11-10,-0.5333295872027528,0.7693059265210446,1.6707681988494443
2020-11-11,-0.5473024132086323,0.7765726253823175,1.646073067693115
2020-11-12,-0.5317239346339203,0.7688682331541214,1.6683514493377052
2020-11-13,-0.5155907166254373,0.7608981722284015,1.6913980510390054
2020-11-14,-0.5275226674172423,0.7668254491561927,1.7013147467461471
2020-11-15,-0.5333668618837982,0.7702792002765213,1.6565324966339454
2020-11-16,-0.5452024950141694,0.7763110781785396,1.632035467242385
2020-11-17,-0.5560196254405537,0.7823244684604903,1.7077105889206359
2020-11-18,-0.5684681653851212,0.788318019874636,1.6835538684714706
2020-11-19,-0.5664612058563346,0.787196910619299,1.6823048929578759
2020-11-20,-0.5643661288451496,0.7860139329326046,1.681176646733419
2020-11-21,-0.5621785049972096,0.7847656903196171,1.6801670438361895
2020-11-22,-0.5598788719447733,0.7834409257612018,1.6793203583007559
2020-11-23,-0.5447513044752079,0.7759733714771054,1.7027451982421613
2020-11-24,-0.5413002779848648,0.7740476138365721,1.7039908324539497
2020-11-25,-0.5141540693858306,0.7598469123520005,1.8143372069562385
2020-11-26,-0.510082844373079,0.75777191725342,1.817818201074896
2020-11-27,-0.45859783124962566,0.7304121345528601,1.7941678851994873
2020-11-28,-0.452513687546681,0.727267686331378,1.7972166147949364
2020-11-29,-0.46461006901650154,0.7331862279436018,1.77381254914718
2020-11-30,-0.5067888157432793,0.755408450165824,1.8404792158138465
2020-12-01,-0.4991607807016048,0.7511013583558123,1.8847715429467435
2020-12-02,-0.482038927259434,0.7425186465749782,1.9152809064966312
2020-12-03,-0.4940082744758166,0.7490862451504138,1.8939287785506735
2020-12-04,-0.49033622150379264,0.7472174426452776,1.9028147906438118
2020-12-05,-0.4865132178272746,0.7452723144839274,1.9121503767180612
2020-12-06,-0.4338948809529398,0.7184721005198338,1.8912131395274512
2020-12-07,-0.4280671101302987,0.7155082891660061,1.9004154444815495
2020-12-08,-0.40851313279039986,0.705345789346459,2.179722776791496
2020-12-09,-0.45301415131456974,0.7275680115686811,2.246389443458163
2020-12-10,-0.46879233407419424,0.7354151843813942,2.1859201139222377
2020-12-11,-0.4514147050415126,0.7262915700497181,2.226813910954039
2020-12-12,-0.4486454217454321,0.7248234092530146,2.246071237216671
2020-12-13,-0.4463369638553222,0.7235794519090357,2.2651978988090047
2020-12-14,-0.44393792558023926,0.7235794519090357,2.2651978988090047
2020-12-15,-0.4408541697649421,0.7219691157584326,2.2861863609529722
2020-12-16,-0.4222502254000221,0.7123818438880338,2.3305376147789363
2020-12-17,-0.40404438479314764,0.7024639764358971,2.272969946323038
2020-12-18,-0.38350735346450165,0.6922041135543763,2.316865461713488
2020-12-19,-0.3978723416789405,0.6992975498670664,2.2941219652815588
2020-12-20,-0.3897749159733202,0.6953193076582018,2.338082743723778
2020-12-21,-0.3838299652762454,0.6922349496353944,2.360769491995763
2020-12-22,-0.39226967807018037,0.6994535854433543,2.3381254800524047
2020-12-23,-0.3870116916375956,0.6968149721318455,2.3600351449424135
2020-12-24,-0.40228786065809524,0.7043467183372931,2.336568783860615
2020-12-25,-0.4224203385163166,0.7148414327627172,2.2447263281316707
2020-12-26,-0.372823695504939,0.6895823688542697,2.217465721429174
2020-12-27,-0.4359223943593854,0.722915702187603,2.217465721429174
2020-12-28,-0.4353502813664185,0.7227656337688522,2.231957069933803
2020-12-29,-0.415898520807902,0.7132058280367437,2.2744383482073824
2020-12-30,-0.4188143081156719,0.7148106267046773,2.249418980904189
2020-12-31,-0.42095058065436175,0.7164707632577123,2.2235368767974366
2021-01-01,-0.43802624844411764,0.7250534750385463,2.1930275132475487
2021-01-02,-0.42006288424703075,0.7155725603847032,2.2341663930147058
2021-01-03,-0.4176396661038157,0.7144813575481315,2.24559231033784
2021-01-04,-0.41526471637316426,0.7134196004124145,2.2570903080488667
2021-01-05,-0.41794235470521335,0.7134196004124145,2.2904236413822
2021-01-06,-0.41759322544282895,0.7133475766622905,2.303872199896016
2021-01-07,-0.4313971864779488,0.7207043896506454,2.0384884826510508
2021-01-08,-0.4534180767933225,0.7318155007617566,1.971821815984384
2021-01-09,-0.4528879301584433,0.7316913737403897,1.9644391160554926
2021-01-10,-0.45293873116944156,0.7318775738676543,1.9553917093348532
2021-01-11,-0.4530867764105617,0.7321208209233314,1.9453682773389285
2021-01-12,-0.45331952859928154,0.7324153508893417,1.9343396697020292
2021-01-13,-0.4372980993550799,0.7231882940234569,1.9320755203814095
2021-01-14,-0.45477182960420504,0.7324559901648425,1.8892026416829772
2021-01-15,-0.44175548508051166,0.7253765953685747,1.878184721190346
2021-01-16,-0.4430558677905735,0.726166685676598,1.8645714375650804
2021-01-17,-0.44510926475482526,0.7273378088532265,1.8489750919047907
2021-01-18,-0.4447444982365503,0.7273378088532265,1.8489750919047907
2021-01-19,-0.46735225720893026,0.7384489199643376,1.782308425238124
2021-01-20,-0.4702323360780614,0.7400425051480942,1.7623614919016537
2021-01-21,-0.4715332094371058,0.7400425051480942,1.795694825234987
2021-01-22,-0.4744477443258837,0.7415331097348614,1.776234814210593
2021-01-23,-0.456339551522713,0.7326204583464084,1.803001531941993
2021-01-24,-0.45356072743981274,0.7310146328098733,1.8281773210042702
2021-01-25,-0.519478065042852,0.7643479661432067,1.894843987670937
2021-01-26,-0.4761212921167333,0.7421257439209845,1.9615106543376037
2021-01-27,-0.477527188790479,0.7427933339262304,1.9521849158687694
2021-01-28,-0.4796523150162574,0.7438135927500057,1.9410727285467482
2021-01-29,-0.49894225335185743,0.7533199051931833,1.8994254291832753
2021-01-30,-0.5160536921802448,0.7627708797512595,1.891974199956694
2021-01-31,-0.4995621314132606,0.7545905652599235,1.9227319309896835
2021-02-01,-0.5023034845093074,0.7559360137038966,1.9119928116095104
2021-02-02,-0.47944175166036807,0.7432310795634034,1.9371397345982488
2021-02-03,-0.4988570848245068,0.7527837595496563,1.8952367243299535
2021-02-04,-0.5469631169462311,0.7787418202237824,1.8916241975827104
2021-02-05,-0.5662708579789751,0.788296901001706,1.8481617909195096
2021-02-06,-0.5709216740335131,0.7906276772551909,1.8415988015494567
2021-02-07,-0.5561694363553532,0.7834079419881285,1.8706194498787483
2021-02-08,-0.5297858583345827,0.7701293406412265,2.0051381460102315
2021-02-09,-0.5450449350016247,0.7790667548456381,2.0399584223657365
2021-02-10,-0.5632533082125398,0.7879960608148604,2.008446146454439
2021-02-11,-0.5670441280856476,0.7899126370191886,2.0110015422045224
2021-02-12,-0.5856684881935476,0.7991396938850734,1.9799323581918087
2021-02-13,-0.5725858125945223,0.7922134764328346,2.01372312916394
2021-02-14,-0.5912349822197928,0.8022898032063807,2.0141963405144208
2021-02-15,-0.5931105105383011,0.8030842470171606,2.085377292595585
2021-02-16,-0.5982140017313601,0.8056961931607446,2.0935290926194052
2021-02-17,-0.5848259382191066,0.7989960618904254,2.131236992364902
2021-02-18,-0.5705207597452303,0.7920648916107849,2.1702451645154155
2021-02-19,-0.5226800405213782,0.7673968081058484,2.211499781452027
2021-02-20,-0.48709645303383947,0.7507301414391817,2.211499781452027
2021-02-21,-0.4715583075151859,0.7426790377813531,2.285625287645007
2021-02-22,-0.4894321010791344,0.7515916891698061,2.3255252365802743
2021-02-23,-0.47443122896082995,0.744520982099099,2.592191903246941
2021-02-24,-0.4719780560916774,0.7445209820990991,2.5588585699136077
2021-02-25,-0.49924287525649563,0.7586998665392978,2.543646796462353
2021-02-26,-0.499991692063111,0.7592483676638864,2.5640420337242005
2021-02-27,-0.5006930499402756,0.7597806012816065,2.5855237339027335
2021-02-28,-0.4835613459936245,0.7514971737395928,2.640196966106276
2021-03-01,-0.45284949447626505,0.7348305070729262,2.640196966106276
2021-03-02,-0.43778763283196637,0.7263441548975954,2.64277256840662
2021-03-03,-0.4355629483618397,0.7253237459732402,2.667971870365141
2021-03-04,-0.45983106085895004,0.7388406567539266,2.6565226245156635
2021-03-05,-0.4412830037662007,0.7298351621592344,2.713644094326548
2021-03-06,-0.42320749339492647,0.7205437681517749,2.717256621073791
2021-03-07,-0.40342756347120673,0.7109073463639052,2.77647236662806
2021-03-08,-0.3976519045373408,0.7081583694366195,2.8087093861135286
2021-03-09,-0.4123509212281806,0.7153781047036818,2.7796887377842365
2021-03-10,-0.4382464497727146,0.7285520623371422,2.668643521845762
2021-03-11,-0.42195456752635613,0.7191917886246298,2.657217436392168
2021-03-12,-0.42177610327261267,0.7191917886246298,2.657217436392168
2021-03-13,-0.4325969257328572,0.7261947007239903,2.623517384985351
2021-03-14,-0.4326957204315724,0.7261947007239903,2.623517384985351
2021-03-15,-0.4278719241749764,0.7239181912167888,2.6445447731171234
2021-03-16,-0.4410219666478278,0.7305085311099094,2.644071561766643
2021-03-17,-0.4390116303732575,0.7298364114930096,2.5973154087241133
2021-03-18,-0.4521147053269974,0.7363132050543181,2.560864438970133
2021-03-19,-0.4475384559496572,0.7341517272323834,2.5756791785082442
2021-03-20,-0.44329768689495025,0.7321547215641627,2.589659661749376
2021-03-21,-0.48072602522394753,0.7488213882308294,2.5563263284160427
2021-03-22,-0.520982976476567,0.765488054897496,2.5563263284160427
2021-03-23,-0.5540101714136372,0.7821547215641628,2.4563263284160426
2021-03-24,-0.5388879925631093,0.7746428154112028,2.437578960430389
2021-03-25,-0.5204713689273838,0.7594913002596877,2.1042456270970558
2021-03-26,-0.5064838821772696,0.7511978968203664,2.1078403038935063
2021-03-27,-0.5067335720473011,0.7509392082093689,2.0928124938049253
2021-03-28,-0.5232711053130262,0.7589642626205727,2.2740110926807855
2021-03-29,-0.5396879641940351,0.7669715759111857,2.2544936348840277
2021-03-30,-0.5568899777796633,0.7752550034531994,2.1998204026804853
2021-03-31,-0.5829619524147875,0.791921670119866,2.2331537360138185
2021-04-01,-0.6014190445279394,0.801987934606758,2.2411935200142947
2021-04-02,-0.6202191907153071,0.8111438097409832,2.1855944576687905
2021-04-03,-0.6379873526248419,0.8198491211825191,2.197043703518268
2021-04-04,-0.644770261210742,0.8229530508040117,2.179229896938672
2021-04-05,-0.6668417252320559,0.8340893629007018,2.185410238212419
2021-04-06,-0.6759249721740389,0.8383370186433498,2.165028785508432
2021-04-07,-0.6855205951757187,0.842825937581513,2.142832902728946
2021-04-08,-0.6855623800185278,0.842825937581513,2.1761662360622793
2021-04-09,-0.6940905155190218,0.8467664160382155,2.159184260690435
2021-04-10,-0.7131793831399368,0.8561266897507277,2.137277012810696
2021-04-11,-0.7034964636349839,0.8511655411214425,2.1764934615283065
2021-04-12,-0.707077335852798,0.8511655411214425,2.2098267948616397
2021-04-13,-0.6815629749216134,0.8400544300103314,2.276493461528306
2021-04-14,-0.6999689078717729,0.8492571569697718,2.2216753024244023
2021-04-15,-0.70037941698127,0.8492571569697718,2.188341969091069
2021-04-16,-0.71902116725206,0.8582626099200048,2.2017647888002645
2021-04-17,-0.7096320264624901,0.8533751137103498,2.2432049539313086
2021-04-18,-0.7158944231487294,0.8561761167419976,2.5240156479810336
2021-04-19,-0.7252943106062373,0.860452716575716,2.5217520612993667
2021-04-20,-0.7448609796086271,0.8728821205955682,2.5397435116889997
2021-04-21,-0.7448654638647357,0.8728821205955682,2.5064101783556665
2021-04-22,-0.7446406669337868,0.8728821205955682,2.5064101783556665
2021-04-23,-0.7266971720753991,0.8637273600818616,2.491824213007987
2021-04-24,-0.7503246602116905,0.8810606934151949,3.3251575463413205
2021-04-25,-0.7486713188064688,0.8798302873307066,3.4882295362115365
2021-04-26,-0.7570139997926204,0.8842748073004078,3.5363473652600406
2021-04-27,-0.7487690449876213,0.8802842834142149,3.3824283088896974
2021-04-28,-0.7403404322036148,0.8761561552560845,3.430098250575549
2021-04-29,-0.7393737554650877,0.8761561552560845,3.4967649172422157
2021-04-30,-0.7374522489539095,0.8718856778511218,3.5138947419747053
2021-05-01,-0.7421430491580583,0.8742959448595482,3.5577809910078235
2021-05-02,-0.7332663497016465,0.8699613222684981,3.645980335525335
2021-05-03,-0.7334747659516635,0.8699613222684981,3.579313668858668
2021-05-04,-0.7365335420239943,0.8715822971465838,3.62759241961453
2021-05-05,-0.7143054846799265,0.8437793183832271,3.5880787450074494
2021-05-06,-0.7242970546480779,0.8491680844284488,3.5492444521571684
2021-05-07,-0.7347663720598787,0.8544072198423983,3.5111500220662033
2021-05-08,-0.717029105768136,0.8457115676684853,4.211150022066203
2021-05-09,-0.7170832557617027,0.8508193538005447,4.172510546709856
2021-05-10,-0.6970791140998468,0.8397082426894336,4.205843880043189
2021-05-11,-0.6968578263207782,0.8393131634331574,4.275821480681633
2021-05-12,-0.6864358560470755,0.8337722380343009,4.354298083463759
2021-05-13,-0.6460490607117296,0.8115500158120786,4.287631416797092
2021-05-14,-0.6139522098396898,0.7948833491454119,4.320964750130425
2021-05-15,-0.6007074058586478,0.7878103611849089,4.435480775996991
2021-05-16,-0.6007578671509146,0.7878103611849089,4.368814109330325
2021-05-17,-0.5448797232292825,0.7593645240612307,4.327373944199281
2021-05-18,-0.5239509604212919,0.74875846345517,4.027373944199281
2021-05-19,-0.46693729728997957,0.7200767062359795,3.9766488754893023
2021-05-20,-0.45735372218505455,0.7148075540166833,4.026197336310002
2021-05-21,-0.4389027512487503,0.7049733317413965,4.130548968596554
2021-05-22,-0.406259768845313,0.6883066650747299,4.163882301929887
2021-05-23,-0.4202486180359784,0.6947999983531689,4.238498933030918
2021-05-24,-0.41988556582676007,0.6941333316865023,3.4384989330309184
2021-05-25,-0.4186097703342629,0.6934384219417017,3.315688551411294
2021-05-26,-0.39432860666020997,0.6806292616983548,3.264476972569293
2021-05-27,-0.382106522702116,0.6737446057771183,3.260409685109969
2021-05-28,-0.3697536293980536,0.6667648971743952,3.2545583552663278
2021-05-29,-0.349034049484757,0.6552740315597192,3.2633362295858563
2021-05-30,-0.3356403185951222,0.6478046644462226,3.2546962808827926
2021-05-31,-0.3109512478526685,0.6353281329509044,3.2027702478491986
2021-06-01,-0.31974831749048177,0.6396627555419544,3.1145709033316873
2021-06-02,-0.3197632782563204,0.6396627555419544,3.1145709033316873
2021-06-03,-0.30539188995382277,0.631665529969381,3.096880506218486
2021-06-04,-0.31592264476758075,0.6534470999683252,3.1691867305708477
2021-06-05,-0.3166853060656968,0.6534470999683252,3.1691867305708477
2021-06-06,-0.2931365196195063,0.6414969999672329,3.243986273004325
2021-06-07,-0.27771067052905457,0.6335259854744792,2.577319606337659
2021-06-08,-0.22167698571905198,0.6001926521411459,2.577319606337659
2021-06-09,-0.21294345443825177,0.5964889484374424,2.8106529396709923
2021-06-10,-0.1962567519725823,0.5881156996444866,2.760129886532694
2021-06-11,-0.14173628384251966,0.5603232917100098,2.748319950417235
2021-06-12,-0.20764131441096043,0.5936566250433432,2.748319950417235
2021-06-13,-0.21421017410827076,0.5968861638379412,2.7741240866385195
2021-06-14,-0.22021276440300555,0.6039591517984442,2.692941394105286
2021-06-15,-0.20339500790911924,0.5956258184651109,2.792941394105286
2021-06-16,-0.23988584663548085,0.6122924851317776,2.8262747274386197
2021-06-17,-0.24789751481329175,0.616164639791494,2.854766959419261
2021-06-18,-0.29041520794024234,0.6374116963360283,2.918724440778546
2021-06-19,-0.2931273216669859,0.6373943016783294,3.0178511962348797
2021-06-20,-0.28810058264891697,0.6350639902968442,2.9794823075327534
2021-06-21,-0.2546332997973799,0.6183973236301775,2.9794823075327534
2021-06-22,-0.2489224266752825,0.6157627486397297,2.9360679411362645
2021-06-23,-0.25631755084476954,0.6197545675583409,2.968346146003032
2021-06-24,-0.2507212673105232,0.6172137449933977,2.9563688216786095
2021-06-25,-0.2480324650285077,0.6172137449933977,2.9563688216786095
2021-06-26,-0.2685694208914172,0.6280889248008269,2.8810218321749437
2021-06-27,-0.2650803101331424,0.6267552705810487,2.868141262413172
2021-06-28,-0.2621853534778499,0.6257718650300601,2.854513849752045
2021-06-29,-0.2596524235134832,0.6250121133260544,2.8407144555751227
2021-06-30,-0.2685552337113714,0.6293228758545392,2.869704609215644
2021-07-01,-0.24343029556109277,0.6165409060564198,2.934177181947218
2021-07-02,-0.2173562633589593,0.603318178679055,3.00087294684195
2021-07-03,-0.21432055191528707,0.6023406838069747,2.997562341346207
2021-07-04,-0.21081703128793874,0.6005783935945144,2.9916442589591505
2021-07-05,-0.1836537595624917,0.5868052347529459,3.0603216471991215
2021-07-06,-0.20665385346438078,0.5987553347540382,3.018855438098977
2021-07-07,-0.23744711797262816,0.6154220014207048,2.9521887714323105
2021-07-08,-0.2796106574782715,0.6366434497455568,3.0195056256196313
2021-07-09,-0.24699153856702286,0.6181249312270382,2.7195056256196315
2021-07-10,-0.2737070816289393,0.6318544079055552,2.660834629401875
2021-07-11,-0.31587553900719845,0.6536424909367813,2.6146565131743533
2021-07-12,-0.29231576526958414,0.6416991285552911,2.670334323973469
2021-07-13,-0.29500906129832993,0.6432444032007169,2.6667553666401913
2021-07-14,-0.3022997454817685,0.6432444032007169,2.633422033306858
2021-07-15,-0.2956464509816162,0.6395631757248795,2.586298655145025
2021-07-16,-0.3014269191357138,0.6443756990257374,2.6065158501500263
2021-07-17,-0.30327276040364287,0.6453484941717458,2.597955467071777
2021-07-18,-0.3037161240203424,0.6456221768557362,2.58689446797844
2021-07-19,-0.2956126405809541,0.6432544686684954,2.4347184151501104
2021-07-20,-0.2958716767770164,0.6435368989571731,2.415933453343812
2021-07-21,-0.340244239155906,0.6657278265074206,2.4302759862177368
2021-07-22,-0.3433932668610098,0.667450760226996,2.4128348843239946
2021-07-23,-0.3673800249219636,0.6801256079750514,2.3805566794572273
2021-07-24,-0.3714027404139976,0.6822949825606256,2.3607010883461452
2021-07-25,-0.3860057649130928,0.6885810164420264,2.373139056909805
2021-07-26,-0.3648950943379748,0.6778424308020963,2.4204886795618674
2021-07-27,-0.36833698310510454,0.6796040570166152,2.4050523836014777
2021-07-28,-0.371997383778715,0.6814603394989103,2.3895537123549055
2021-07-29,-0.3758713475726553,0.683406830056595,2.3739964453473124
2021-07-30,-0.379571902871376,0.6852717939945968,2.3569030603863355
2021-07-31,-0.34175056912529234,0.6647204304593829,2.2924304876547614
2021-08-01,-0.3460400276279477,0.6668377494862907,2.2680014373379622
2021-08-02,-0.35058207820151277,0.6690617862338535,2.242844164785953
2021-08-03,-0.35540156226931635,0.6714232825317615,2.21702347188343
2021-08-04,-0.38000936134264607,0.68519644137333,2.1816794169767917
2021-08-05,-0.3801368278623197,0.68519644137333,2.1483460836434585
2021-08-06,-0.3612692024614929,0.6743411462482725,2.1879442244587506
2021-08-07,-0.3640850140727282,0.6756410668173316,2.1592696933842372
2021-08-08,-0.40581495073136126,0.698939034638619,2.1992445103974867
2021-08-09,-0.38314276840981276,0.6878279235275078,2.2659111770641536
2021-08-10,-0.3854623277533501,0.6890067315478777,2.2538854758189744
2021-08-11,-0.38867427791566694,0.6906380282027944,2.239525170710199
2021-08-12,-0.3919041127195528,0.6922722911339007,2.2247930949884744
2021-08-13,-0.37095233542525874,0.6816609908281729,2.267027339643249
2021-08-14,-0.3735490898267948,0.6831126396248383,2.2560179839362915
2021-08-15,-0.39680737577826514,0.6949667829906471,2.202467455597957
2021-08-16,-0.4199852390268585,0.7067884998515889,2.149202273362232
2021-08-17,-0.4239945187246979,0.70889768340317,2.1341094390651207
2021-08-18,-0.44735445330535284,0.7207892011142202,2.0862854918934506
2021-08-19,-0.4362172253852605,0.7160046378156477,2.072421043448657
2021-08-20,-0.439526638703274,0.7177383209642072,2.06008121783593
2021-08-21,-0.42864600785981105,0.7121566289566407,2.04632005502513
2021-08-22,-0.40977448053332577,0.702230995472387,2.0479172983018588
2021-08-23,-0.4110976440433051,0.7029184441934822,2.0371316503692976
2021-08-24,-0.4291873638787488,0.713299076978748,2.0580270151389706
2021-08-25,-0.4314043388473266,0.7145217199503567,2.0455283370554223
2021-08-26,-0.43357907544685725,0.7157257772928995,2.0331309561400412
2021-08-27,-0.4357025822876949,0.7169073441133819,2.020840516270563
2021-08-28,-0.4377657285796163,0.718062534253271,2.008662725612744
2021-08-29,-0.4397724125249546,0.7191932494346047,1.996654438206758
2021-08-30,-0.48566834797953345,0.7439930166564875,2.031021832627681
2021-08-31,-0.4904831179571492,0.7466535431106323,2.0228501221204294
2021-09-01,-0.49530729207519875,0.7493291209339694,2.0152641206492046
2021-09-02,-0.5160309955166947,0.7602816781829108,1.9746966715864238
2021-09-03,-0.45261403269441636,0.7269483448495774,1.9413633382530904
2021-09-04,-0.4341881946462627,0.7175327705340456,1.9738241430204382
2021-09-05,-0.43670264302213646,0.7190221368887274,1.9664406919363586
2021-09-06,-0.4392066995748423,0.7205180358567066,1.9597914160243628
2021-09-07,-0.4061156856870275,0.703886734702086,2.0531499323444464
2021-09-08,-0.4091694135866487,0.705170185323997,2.0204999300114963
2021-09-09,-0.40998689972382957,0.7057275457990355,2.0124521525698595
2021-09-10,-0.3976209732943587,0.6993729448589424,2.0044679802128527
2021-09-11,-0.41703039000623804,0.709630535154479,1.9969748770465705
2021-09-12,-0.43781633724465946,0.7202418354602067,2.0547406323917956
2021-09-13,-0.42536470141388827,0.6974714141393787,2.0128733662605858
2021-09-14,-0.35887144055344516,0.6641380808060454,2.0128733662605858
2021-09-15,-0.3368115367613297,0.6525566353165987,2.0478000340626745
2021-09-16,-0.3338052274330325,0.6506138405549927,2.04482384768328
2021-09-17,-0.31095676390105953,0.6385660419534408,2.0808522562240825
2021-09-18,-0.32299820986718963,0.6433441813311457,2.0836402650593957
2021-09-19,-0.3189799884897705,0.6407788661713849,2.084452645998136
2021-09-20,-0.32939397662674325,0.6456333098324671,2.0873648062049686
2021-09-21,-0.3266222353828592,0.6436816655000561,2.088725065098179
2021-09-22,-0.31158738202177905,0.6369177173602734,2.220820676752536
2021-09-23,-0.29030772793383586,0.6243976386485587,2.193952424226761
2021-09-24,-0.2854423277426828,0.6212899117071173,2.199070496198187
2021-09-25,-0.2803341641819373,0.6180335025489868,2.2047925493036398
2021-09-26,-0.27497663264481864,0.6146240597364215,2.211135722856505
2021-09-27,-0.29326590150186965,0.6240219752613125,2.21084696533608
2021-09-28,-0.28993223691688835,0.6222710891690479,2.3442918173958547
2021-09-29,-0.2831827159224022,0.6180737813246535,2.355094230663723
2021-09-30,-0.26713405678765384,0.6098519965542991,2.4543325599263754
2021-10-01,-0.25926601423053675,0.605042440541207,2.4694728509359325
2021-10-02,-0.23451268179697815,0.5914232143529728,2.520144328554413
2021-10-03,-0.27641384858045287,0.6118171182961788,2.5725630985045655
2021-10-04,-0.27097335389280863,0.6081717509776315,2.5932092693833284
2021-10-05,-0.2652585508061052,0.604349323877249,2.6148219789504656
2021-10-06,-0.2592603387511984,0.600343506222785,2.6374092397410203
2021-10-07,-0.2455353595889823,0.5936768395561184,2.504075906407687
2021-10-08,-0.23989280596052245,0.5898322414261915,2.5207509400765216
2021-10-09,-0.23402749232877837,0.5858358516202313,2.538278484473303
2021-10-10,-0.24148718258879676,0.5887957085726531,2.5568398115241067
2021-10-11,-0.21622168529029426,0.5746162502475721,2.5760411843352826
2021-10-12,-0.18938344193392473,0.5599478450836952,2.526939156208913
2021-10-13,-0.19591390526032168,0.5792563914658917,2.579592230560945
2021-10-14,-0.23700136168804156,0.5992307497923017,2.634060928166494
2021-10-15,-0.23355963137404864,0.5973919261535329,2.6542768210666257
2021-10-16,-0.2545546952089612,0.6090381314683665,2.6527826928105163
2021-10-17,-0.27742156995343153,0.6210859300699184,2.6834209509363802
2021-10-18,-0.26665496303091857,0.5996411240255469,2.6472996087677334
2021-10-19,-0.26485065171219324,0.5982225811929318,2.6667081247253064
2021-10-20,-0.22170454441234308,0.576701470865183,2.6304626311851407
2021-10-21,-0.2180866929290553,0.5743918089812218,2.6491432369122774
2021-10-22,-0.24106760479323003,0.5843918089812217,2.6824765702456106
2021-10-23,-0.23936966945137797,0.5830122976133825,2.699322230453157
2021-10-24,-0.23778095704610874,0.5816923798860124,2.7165722902550526
2021-10-25,-0.23631360503653273,0.5804392377252202,2.7342198675292395
2021-10-26,-0.1968090446052926,0.5599517690673395,2.6938486767673555
2021-10-27,-0.1830194951353448,0.5599517690673395,2.6605153434340223
2021-10-28,-0.20370930776907112,0.5710628801784505,2.527182010100689
2021-10-29,-0.16111202676870545,0.550460420800962,2.5153455357452317
2021-10-30,-0.16635646414806565,0.5522004353113401,2.4296677955985158
2021-10-31,-0.16315268654319526,0.5503782971999654,2.428295207483432
2021-11-01,-0.16069199704428766,0.5489629552291719,2.425127996412019
2021-11-02,-0.140807483348217,0.5396801623970772,2.4393758931285334
2021-11-03,-0.13631900506665315,0.5373183834805064,2.434071293947334
2021-11-04,-0.13187281385148078,0.5350069717426876,2.427838511705846
2021-11-05,-0.12748014059921364,0.5327539877950981,2.420611934877047
2021-11-06,-0.16631272654611717,0.5511248149604462,2.4695985533210836
2021-11-07,-0.16377548244084014,0.5497900761167999,2.4678346779157234
2021-11-08,-0.16135299935252972,0.5485471183408194,2.4654055811378757
2021-11-09,-0.12063529119490544,0.528920594721731,2.4135109207537386
2021-11-10,-0.11733920867105765,0.5273448824622192,2.4079064289060996
2021-11-11,-0.14434742261929018,0.5420132876260961,2.357008457032469
2021-11-12,-0.1425692680983225,0.5407290426661031,2.349333154497004
2021-11-13,-0.1393129890668002,0.5387117424203721,2.339514955404953
2021-11-14,-0.10407270389381008,0.5187986782152544,2.2843723947027326
2021-11-15,-0.08859716701093273,0.5104653448819211,2.351039061369399
2021-11-16,-0.05727420696057264,0.4935848395330218,2.328661097968344
2021-11-17,-0.05727420696057264,0.4935848395330218,2.328661097968344
2021-11-18,-0.0501163985435412,0.48997664154474907,2.3170043039422414
2021-11-19,-0.08512004125132568,0.5068723878049128,2.362418245457491
2021-11-20,-0.0805349842780114,0.5045441319022814,2.3525311767866364
2021-11-21,-0.06091621148922897,0.4943559985196015,2.1922736311585895
2021-11-22,-0.0547626439124989,0.4912988847577469,2.174789196700156
2021-11-23,-0.04845166751409089,0.4881818676843585,2.156107021060332
2021-11-24,-0.04197366955996254,0.4850005790622598,2.136172095320025
2021-11-25,-0.10556740485748349,0.5183339123955931,2.136172095320025
2021-11-26,-0.11977894031127988,0.5183339123955931,2.136172095320025
2021-11-27,-0.1209561141642004,0.5183339123955931,2.1028387619866917
2021-11-28,-0.15942824600494318,0.536207495581648,2.106384926193129
2021-11-29,-0.15918934175483873,0.5356560149013139,2.0952372410412194
2021-11-30,-0.16449599071193338,0.5395322938835373,2.1142940674584385
2021-12-01,-0.1646271627080296,0.5392070986647223,2.1035756561152117
2021-12-02,-0.2075123950109072,0.5614293208869445,2.2035756561152113
2021-12-03,-0.16988568680600938,0.543518708104261,2.1557732796503
2021-12-04,-0.17119647529917018,0.54381221625466,2.146391719924247
2021-12-05,-0.17270393486041236,0.5441935344774035,2.136935850443116
2021-12-06,-0.1729243210804932,0.5439545248055745,2.125464722757669
2021-12-07,-0.17323979797834813,0.5437532988982909,2.1136588622349772
2021-12-08,-0.1803979464958567,0.547690617175819,2.231478676197048
2021-12-09,-0.22041318787404568,0.5665765005267094,2.2739434581348776
2021-12-10,-0.22396746267410522,0.5679293149427262,2.269324045349663
2021-12-11,-0.15760924209686522,0.5345959816093929,2.269324045349663
2021-12-12,-0.1860178880052574,0.5499050135205228,2.2576796068664295
2021-12-13,-0.18762840140854284,0.5502909883860453,2.2548576982961355
2021-12-14,-0.22250003298814855,0.569266539709702,2.2981286534097953
2021-12-15,-0.21295206687167126,0.5630343514238297,2.2394434345618572
2021-12-16,-0.21832026850990177,0.5654291621786851,2.236366963409909
2021-12-17,-0.2258485530275104,0.5849267194951916,2.279000306975768
2021-12-18,-0.23190828202871316,0.5882008601141723,2.277689824321752
2021-12-19,-0.22907094748552526,0.5713051138540085,2.232275882806502
2021-12-20,-0.2341928768302099,0.5736072166799302,2.228129148531325
2021-12-21,-0.24016793385544846,0.5763400173061484,2.229365545682109
2021-12-22,-0.2385199864305036,0.5766300544808902,2.2235392391254374
2021-12-23,-0.24507406606186855,0.5796799919566327,2.225864488024234
2021-12-24,-0.25207752771401615,0.582944799297818,2.2289573291519655
2021-12-25,-0.22636806688669417,0.5685635854805012,2.2713351680882403
2021-12-26,-0.1997220214543303,0.5536864677384495,2.315174311815421
2021-12-27,-0.19533981843169135,0.5536864677384497,2.315174311815421
2021-12-28,-0.22328680920739857,0.569146217885728,2.27829481427565
2021-12-29,-0.2493211190413615,0.5846243507223509,2.2417869062409426
2021-12-30,-0.24680280705542043,0.5817953053449607,2.2156416271458026
2021-12-31,-0.24963644979540034,0.5832638641960034,2.2195059709744434
2022-01-01,-0.20334942279401944,0.5582638641960034,2.152839304307777
2022-01-02,-0.24458499702632422,0.5775143422717276,2.192592383766666
2022-01-03,-0.2471156355785648,0.5786764845481783,2.1941855101060597
2022-01-04,-0.24968155622064975,0.5798655517919981,2.196159636301333
2022-01-05,-0.2523283574162586,0.581103863067392,2.1985973919407704
2022-01-06,-0.2679362019479104,0.5907565308818934,2.3281420965329374
2022-01-07,-0.2642065033172806,0.5881389399927633,2.201526306758211
2022-01-08,-0.2657166177387784,0.5888824723881444,2.1990291636072916
2022-01-09,-0.26715624392608195,0.5896049950586761,2.1966052021678997
2022-01-10,-0.30019346933145713,0.5896049950586761,2.1966052021678997
2022-01-11,-0.30032492538868766,0.5896049950586761,2.163271868834566
2022-01-12,-0.3263276205946062,0.6045952954458079,2.1214432788913618
2022-01-13,-0.3522225647488211,0.6189530774554846,2.078172323777702
2022-01-14,-0.35702499602532617,0.6208813093876105,2.0726112509920416
2022-01-15,-0.33239984521877347,0.6087003373149876,2.164732352211711
2022-01-16,-0.33362842536074505,0.610190434319469,2.988765675312519
2022-01-17,-0.35069117921778725,0.6197504056489965,3.1795093478351273
2022-01-18,-0.3627839783523177,0.6411211092920653,3.2546648425880624
2022-01-19,-0.36655070079455393,0.64422309095829,3.2803938709703515
2022-01-20,-0.35882929001641517,0.6416784237147517,3.7060816861142816
2022-01-21,-0.3913989219505811,0.6583450903814184,3.6727483527809484
2022-01-22,-0.3964446071267242,0.661057679982273,3.722640899841524
2022-01-23,-0.4014227827696398,0.6637512275920818,3.774147229865302
2022-01-24,-0.40745915279992917,0.6670335600786881,3.825968335443821
2022-01-25,-0.4146225026978636,0.6709420805042134,3.8780646810861805
2022-01-26,-0.4069172248310763,0.665386524948658,4.0447313477528475
2022-01-27,-0.38654064767797197,0.6538481292572323,4.1497220838822555
2022-01-28,-0.37847167400047305,0.6490862244953276,4.349722083882256
2022-01-29,-0.38301198024316513,0.651406601017754,4.42331106514903
2022-01-30,-0.3876111369255773,0.6537563505633316,4.4993043442584995
2022-01-31,-0.4155348108086078,0.6676789833413775,4.516521735439826
2022-02-01,-0.38865959489399604,0.6484285052656534,4.476768655980937
2022-02-02,-0.40592361105271235,0.6624726224473807,4.436962472310736
2022-02-03,-0.41131126852491584,0.6653211421251526,4.514231535621405
2022-02-04,-0.4167934382439609,0.6682251862305926,4.594080988851771
2022-02-05,-0.409045793931912,0.6625318018477394,4.545601022950108
2022-02-06,-0.4140402525439614,0.6650970729461869,4.626431185577415
2022-02-07,-0.4191548609100119,0.6677251626206021,4.710134703576385
2022-02-08,-0.4243961927516038,0.6704189615020478,4.796808134659435
2022-02-09,-0.4575831788006201,0.7037522948353812,4.796808134659435
2022-02-10,-0.4389214840364846,0.6935368567262564,4.927732553095968
2022-02-11,-0.4206874232200733,0.68296916213061,5.063171606651001
2022-02-12,-0.400733598245632,0.6720370642730449,5.203280972397588
2022-02-13,-0.40224079146707664,0.6738010558208186,5.311235100721916
2022-02-14,-0.4340571727504665,0.6901390232629158,5.321967345574396
2022-02-15,-0.43996583570208087,0.6922255540778566,4.57444897818041
2022-02-16,-0.42948910975697135,0.6859229869770931,4.4563265291521486
2022-02-17,-0.4505882905472786,0.6978856166673576,4.414504367732547
2022-02-18,-0.454153592228131,0.6989621321846227,4.4632803804129795
2022-02-19,-0.4695200746079087,0.7058228953634028,4.099945221116875
2022-02-20,-0.47007169175344704,0.7058228953634028,4.133278554450208
2022-02-21,-0.47261055643304906,0.7073665234799935,4.1474384735746455
2022-02-22,-0.4750653068906727,0.7088704992002663,4.160310585426692
2022-02-23,-0.47739655317576585,0.7103131522734242,4.17183962852955
2022-02-24,-0.47956117515078617,0.7116707754378797,4.1819697991310445
2022-02-25,-0.47426508971003056,0.7074755148207951,4.119279102549357
2022-02-26,-0.4946763726609661,0.7190139105122207,4.014288366419948
2022-02-27,-0.4793136580004697,0.7114951135197395,4.414288366419949
2022-02-28,-0.44344370456966853,0.689781560152481,4.300177997581647
2022-03-01,-0.4453689650019019,0.6910238087590035,4.2933115718341694
2022-03-02,-0.46482929690385977,0.7021011759809574,4.176094180652842
2022-03-03,-0.5002258753422296,0.7263115613596113,4.285614669640871
2022-03-04,-0.4910944874193437,0.7168740289927013,4.398911727214694
2022-03-05,-0.49384563225769285,0.7186517147467547,4.394935182097222
2022-03-06,-0.4965026037945174,0.7203905605576568,4.3880680853125815
2022-03-07,-0.4518670444676418,0.6983061671627322,4.269881384547578
2022-03-08,-0.47138760396023055,0.7094695980645259,4.149000345028331
2022-03-09,-0.4731887323934504,0.7109090613556958,4.1296508843887425
2022-03-10,-0.49236434027335607,0.7218950959722942,4.003090613233428
2022-03-11,-0.47501105532968196,0.7123052716954767,4.106645461965615
2022-03-12,-0.47625552264653076,0.7129524584185531,4.078332113995604
2022-03-13,-0.4781716633441311,0.7139863651871031,4.044372131490245
2022-03-14,-0.48084194079133463,0.7154328928048291,4.0044097576658535
2022-03-15,-0.4835523245991965,0.7168684733904847,3.959346814801852
2022-03-16,-0.47084784424144294,0.7105305059483875,3.8486145699493717
2022-03-17,-0.4719127405090608,0.7111617111853025,3.82358579725175
2022-03-18,-0.4733756237769822,0.7120320120200682,3.8017671513241496
2022-03-19,-0.4553623893208361,0.7021020814000706,3.863897053093948
2022-03-20,-0.455404071427066,0.7022103555109481,3.8432286624967404
2022-03-21,-0.45491731218450193,0.7020857851712082,3.834376367371908
2022-03-22,-0.4361571604281115,0.6918128812115947,3.897630724867491
2022-03-23,-0.4349001462743004,0.6912765487195809,3.889016664567244
2022-03-24,-0.4335151402863281,0.6906698607719711,3.8796617017789874
2022-03-25,-0.4320019877209795,0.6899925058926109,3.8695866008565547
2022-03-26,-0.407133013613415,0.6773812578224592,3.830187607552186
2022-03-27,-0.35823454999695176,0.653798740661766,3.7262116374672076
2022-03-28,-0.292497380015949,0.6204654073284327,3.7262116374672076
2022-03-29,-0.3007441423606607,0.6244127757494853,3.2262116374672076
2022-03-30,-0.3571662507724496,0.6577461090828186,3.2262116374672076
2022-03-31,-0.3541247776881145,0.6565986021974329,3.1894150880062777
2022-04-01,-0.3318758117990488,0.6447571746869996,3.2649121600064945
2022-04-02,-0.3260706370606869,0.6419449544569095,3.2297155217432394
2022-04-03,-0.3430166886321782,0.6513824868238195,3.116418464169416
2022-04-04,-0.3378156906113947,0.6490628582747529,3.0723316807925958
2022-04-05,-0.33268938239649476,0.6472720618117197,3.0260627446155097
2022-04-06,-0.37623111868670855,0.6695917880810894,3.095926977188458
2022-04-07,-0.35473367267046585,0.658198401463196,3.16820032122944
2022-04-08,-0.3715311373307504,0.6678347660846727,3.0638786250831487
2022-04-09,-0.34987136816659953,0.6563807925013856,3.1350468535342917
2022-04-10,-0.34555620674645565,0.6544523621843479,3.101543453243556
2022-04-11,-0.341049334052944,0.6524351174866168,3.0678610856314164
2022-04-12,-0.3363209781978157,0.6503126606693586,3.0341882909466293
2022-04-13,-0.33133749711073773,0.6480671354233078,3.000732378301139
2022-04-14,-0.32608871038733117,0.6456946754934053,2.9676767080769766
2022-04-15,-0.33550822564630484,0.650718629820764,3.001044870424458
2022-04-16,-0.3308046221192231,0.64863438563578,2.972681390189034
2022-04-17,-0.325888381146707,0.6464482605880459,2.9440922260119615
2022-04-18,-0.3214237607014848,0.6445291633186657,2.912374818181548
2022-04-19,-0.2879516733958812,0.6285295588757082,3.0842671960983234
2022-04-20,-0.28219423815412426,0.6259931372793116,3.0584013626061313
2022-04-21,-0.2768851725032425,0.6237234909368191,3.029462419079877
2022-04-22,-0.2714363809537478,0.6213940751512067,2.9998226175113474
2022-04-23,-0.2658474588774999,0.6190052549573871,2.969483338743497
2022-04-24,-0.26011799302987587,0.6165574187182414,2.9384452952223574
2022-04-25,-0.2782775119887779,0.6263237664901349,2.9363227191955423
2022-04-26,-0.3131289497958611,0.6429904331568016,2.9696560525288755
2022-04-27,-0.3299833492385338,0.6513237664901349,3.102989385862209
2022-04-28,-0.3211714750475675,0.6485459887123571,3.0696560525288756
2022-04-29,-0.29777819369563585,0.6364268848748522,3.141023502616078
2022-04-30,-0.2958352085973457,0.6357313084154529,3.1393548272577956
2022-05-01,-0.29459242976528305,0.6354200716474685,3.135025264059564
2022-05-02,-0.2935069749128055,0.6351950756885222,3.131760082760128
2022-05-03,-0.2691632147157041,0.6226155955398506,3.205269051131167
2022-05-04,-0.2667958884515068,0.621703620962785,3.2098530983842206
2022-05-05,-0.2641780452555004,0.620153171110927,3.2170894121216076
2022-05-06,-0.2603141466251111,0.6184483912154042,3.2212674271193023
2022-05-07,-0.25705830136992025,0.6170777012068596,3.223097327322401
2022-05-08,-0.23222884087719706,0.6038734840070962,3.2997558558507594
2022-05-09,-0.22179733485269,0.5986607909237167,3.3952542940662833
2022-05-10,-0.23941053152549846,0.6101790455175718,3.3252028456248315
2022-05-11,-0.24471186084027494,0.6134312082680179,3.356274142770451
2022-05-12,-0.21793466697670763,0.6000874529123726,3.3884678664055627
2022-05-13,-0.24012461685122138,0.6118185483982624,3.3551101204621916
2022-05-14,-0.23716033806634348,0.6106504060846366,3.3684698933030615
2022-05-15,-0.23376903191347673,0.6092687431971839,3.3811397216781858
2022-05-16,-0.24851709975932704,0.6209809303426579,3.315383675338551
2022-05-17,-0.27085348027815026,0.6327659883230564,3.2505806011381524
2022-05-18,-0.26910967775769595,0.6323603615990698,3.2622428695159664
2022-05-19,-0.297312031136456,0.6465030560603406,3.0643891753613444
2022-05-20,-0.29783333453745425,0.6472102946389967,3.064595651663248
2022-05-21,-0.2985556851238421,0.6480201844218304,3.0658071424419853
2022-05-22,-0.31197770922151385,0.6539737152501235,3.29914638852494
2022-05-23,-0.31356840764177457,0.6551795242257351,3.310514079896714
2022-05-24,-0.33246826830609705,0.6679609436017937,3.4125659033893023
2022-05-25,-0.3343369151963358,0.6693967083297819,3.4289880821546044
2022-05-26,-0.3440432121972969,0.6752379741342572,3.478263533263384
2022-05-27,-0.37203104636366124,0.6899013525526799,3.4257898619966043
2022-05-28,-0.3772626470982056,0.6907025486177149,3.44047227103097
2022-05-29,-0.3674818080636957,0.6861549857885532,3.4024381542771005
2022-05-30,-0.3699523805456357,0.6878937332841772,3.4115099931398354
2022-05-31,-0.33012363951592977,0.6667130642292617,3.34034248433785
2022-06-01,-0.3535485950568272,0.6788732283729776,3.269283814912512
2022-06-02,-0.35645843582771725,0.6808131467465337,3.2714912205601445
2022-06-03,-0.3808370193242118,0.6934230260477743,3.197829450614004
2022-06-04,-0.38485974263369116,0.6959495727697345,3.1971653140102934
2022-06-05,-0.38915441841196896,0.6986220273060906,3.196334206661707
2022-06-06,-0.41390064653299663,0.7113861039325287,3.1222309624176265
2022-06-07,-0.41265779761117405,0.7079236544656254,3.0789057672226017
2022-06-08,-0.4256140605126236,0.7150934356540952,2.9781783798854495
2022-06-09,-0.42980283056839447,0.7150934356540952,2.97817837988545
2022-06-10,-0.42737916258948044,0.7138897610214777,2.9429431516056384
2022-06-11,-0.4582196457088848,0.7298859596773909,2.9064929154541086
2022-06-12,-0.4396397719557037,0.7205716824248871,2.937751291849077
2022-06-13,-0.43506846691616274,0.7168833355553993,2.8921356287389752
2022-06-14,-0.41716049347834416,0.7076854885599376,2.8794309713497026
2022-06-15,-0.38326712086316567,0.6854632663377154,2.946097638016369
2022-06-16,-0.36213909777450815,0.6746171720734986,3.0132044531203817
2022-06-17,-0.32966171267739713,0.6535384933535295,2.9377963574698494
2022-06-18,-0.33077721887150174,0.6537810946395016,2.933431087887384
2022-06-19,-0.33402270838899967,0.657207418151535,2.9646112328319427
2022-06-20,-0.33524570911800566,0.6575242193146285,2.9611217187074583
2022-06-21,-0.32356117832474485,0.6526112613599603,2.718401777973233
2022-06-22,-0.3239057565212923,0.6525227005714854,2.6979841123896646
2022-06-23,-0.3065537545673721,0.6405407247291228,2.5841214955755154
2022-06-24,-0.3055957144102089,0.6395456908118587,2.5549881650038224
2022-06-25,-0.3272505840453969,0.6503710916740502,2.47237938056171
2022-06-26,-0.32570643004944494,0.6490079792299593,2.4395031570639545
2022-06-27,-0.3239286293360134,0.6475702354579679,2.4049869807202646
2022-06-28,-0.3349484777929429,0.6526588642668633,2.4189520490209633
2022-06-29,-0.35545321480189973,0.663062406490724,2.371901715916302
2022-06-30,-0.39875400836240826,0.6859266274041972,2.4192086716375543
2022-07-01,-0.3781505036511579,0.6750965111077903,2.468146901694021
2022-07-02,-0.37889850577130674,0.6748993857409371,2.4404453734572584
2022-07-03,-0.37800349633310987,0.6748993857409371,2.4404453734572584
2022-07-04,-0.3777670738058642,0.6741735172227027,2.414351582403705
2022-07-05,-0.3773744064895288,0.6733304651508617,2.3873866643258435
2022-07-06,-0.35592369111486566,0.6620659984319259,2.4352275837853554
2022-07-07,-0.3614747362671266,0.6676544811364751,2.4502354315020916
2022-07-08,-0.35926303505052765,0.6660186551186261,2.432030502247493
2022-07-09,-0.3371819256318482,0.6545020570192684,2.481410864393958
2022-07-10,-0.33407167561966283,0.6524542051571234,2.4654959579383826
2022-07-11,-0.32979071063964127,0.6497841446564244,2.4502891662999096
2022-07-12,-0.32600281144602217,0.6473431950782016,2.4334801274878695
2022-07-13,-0.3226687719963304,0.6306765284115349,2.4001467941545362
2022-07-14,-0.36609602410352676,0.652898750633757,2.3334801274878694
2022-07-15,-0.38711845635159015,0.6639182477820477,2.310496683608141
2022-07-16,-0.3879798129085865,0.6635493193582046,2.2862653812111673
2022-07-17,-0.42567607724747086,0.6864303303705565,2.330619359873621
2022-07-18,-0.42894845092065687,0.6875561660854204,2.309832748562802
2022-07-19,-0.43011225798753266,0.6854029304331934,2.2515511192028987
2022-07-20,-0.4333835174117954,0.6863642652993509,2.2270831674958442
2022-07-21,-0.43717049369644173,0.6875281619869161,2.2101411464448995
2022-07-22,-0.4410761733166525,0.6887352468633101,2.193318975205426
2022-07-23,-0.4457148764037924,0.6903971269369029,2.1798430262271467
2022-07-24,-0.45054657059948666,0.6921506247343182,2.166906986958985
2022-07-25,-0.4318175096796574,0.6815351290355015,2.207145158923088
2022-07-26,-0.4354765112679384,0.6826567548908652,2.19913281415961
2022-07-27,-0.43932298876744774,0.6838666348713097,2.1920343946230356
2022-07-28,-0.4429221086357282,0.6849427648921528,2.184209647919659
2022-07-29,-0.4433602603926506,0.6849427648921528,2.184209647919659
2022-07-30,-0.444898405800633,0.684908838598634,2.1761062333086967
2022-07-31,-0.4472000563916287,0.6852471947190079,2.1660358654333414
2022-08-01,-0.4495552810735644,0.6856040157182518,2.1565734686049303
2022-08-02,-0.4505006504761319,0.6856040157182518,2.1565734686049303
2022-08-03,-0.45300870365838414,0.685998170838788,2.1476845681291103
2022-08-04,-0.4556167817117017,0.6864349882763027,2.139418978605085
2022-08-05,-0.45905447338105687,0.6872752982709364,2.1292186818747307
2022-08-06,-0.46241929085475675,0.6879518781721248,2.118149138784132
2022-08-07,-0.4659764021400471,0.6887081962084523,2.1073256434922922
2022-08-08,-0.4704175900889244,0.6898877182494586,2.0944261531163724
2022-08-09,-0.4751191725385634,0.691178529045746,2.0816306426052686
2022-08-10,-0.48013049810239833,0.6926059216108948,2.068918279719247
2022-08-11,-0.48544524531975236,0.6941667052844361,2.0563471815203287
2022-08-12,-0.502184735270035,0.7181034882252787,2.09277294640034
2022-08-13,-0.485041194237421,0.7083829188537366,2.130454772138283
2022-08-14,-0.5051528055239544,0.7195856439276683,2.0867715493513446
2022-08-15,-0.5091932532246939,0.7215179309817878,2.079892451701006
2022-08-16,-0.5120731556837197,0.7227278482442441,2.071246696246778
2022-08-17,-0.49083530873567205,0.7109204204858411,2.0942522712946845
2022-08-18,-0.49292920717669303,0.7118003339359326,2.088828173090953
2022-08-19,-0.4949825071295689,0.712677439750987,2.084060759490784
2022-08-20,-0.49697602530749496,0.71354465622561,2.0797131599406424
2022-08-21,-0.49890360705121356,0.7144001531001722,2.07579571803496
2022-08-22,-0.5007377020161979,0.7152278436575262,2.0722078798214363
2022-08-23,-0.5189483157077591,0.7254894894997156,2.06664431358947
2022-08-24,-0.5219528273627976,0.72700515710193,2.0617994568538283
2022-08-25,-0.5249347705542576,0.7285344123505874,2.057063823843284
2022-08-26,-0.5278869023645104,0.7300746805395281,2.052409666230189
2022-08-27,-0.530816724377723,0.7316309534928858,2.04786483927538
2022-08-28,-0.5146987136037763,0.7223768484409163,2.049515350974531
2022-08-29,-0.5331925906003019,0.7328798871542952,2.0436451431975744
2022-08-30,-0.5361578521775414,0.7345223937899947,2.039424773465307
2022-08-31,-0.5391441496070929,0.7362092344131582,2.0353851632880784
2022-09-01,-0.5390063337342647,0.7362092344131582,2.0353851632880784
2022-09-02,-0.5357042845106698,0.7355648509407543,2.0637956776837747
2022-09-03,-0.5384659245290285,0.7372589841360802,2.0611879776520055
2022-09-04,-0.5412042524709154,0.7389825595107402,2.0588420912994976
2022-09-05,-0.5439209773566704,0.740742238177589,2.056797020696579
2022-09-06,-0.5014105532378818,0.717785298303974,2.0198861659135026
2022-09-07,-0.5024792781633374,0.7187472838230952,2.017315821527197
2022-09-08,-0.5192438885629547,0.7290413328549037,1.9812614667736879
2022-09-09,-0.5205926281429344,0.7302977263460765,1.978238818051427
2022-09-10,-0.5375066826628544,0.7404921695032619,2.0096939120007495
2022-09-11,-0.5387246827489439,0.7412641929956062,2.0068291177111086
2022-09-12,-0.5405758394076876,0.742398030034981,2.0025661641101715
2022-09-13,-0.52506235954732,0.7335152034844631,2.037137411148453
2022-09-14,-0.5256095718260747,0.7339289025362794,2.035663099405262
2022-09-15,-0.5260763463904516,0.7343151457877289,2.0344360788245197
2022-09-16,-0.5513957721454362,0.7481421048378805,2.0011407711977793
2022-09-17,-0.5668877030492062,0.7577487603733494,2.064846498761414
2022-09-18,-0.5693671937943033,0.7593029438430859,2.0641839380466083
2022-09-19,-0.5718634420531785,0.7608808158298956,2.063648447636469
2022-09-20,-0.5547576782492805,0.7537341440598898,2.0611219237019704
2022-09-21,-0.5355762391933888,0.7432265492713057,2.158714994374589
2022-09-22,-0.5356028013410591,0.7432265492713057,2.1920483277079224
2022-09-23,-0.5360734906283463,0.7437859076219737,2.1965396680822016
2022-09-24,-0.5364575847848025,0.7443118212520214,2.201349179952509
2022-09-25,-0.5367531257529439,0.7448027571386593,2.206485025253279
2022-09-26,-0.5369578292824185,0.7452569572643756,2.2119546868387236
2022-09-27,-0.5198012053772068,0.7211777289830117,2.1769708418062392
2022-09-28,-0.5197816401525592,0.7211777289830117,2.1769708418062392
2022-09-29,-0.5192169429368038,0.7207175681275986,2.1817138096800646
2022-09-30,-0.5123696149436144,0.7183994825360487,2.213867637570462
2022-10-01,-0.4681807386591211,0.6961772603138265,2.2805343042371287
2022-10-02,-0.4673352752507569,0.6961772603138264,2.2805343042371287
2022-10-03,-0.46488249371460827,0.6947606491475419,2.288097970671098
2022-10-04,-0.4547359250415196,0.6923501193860729,2.3194699009611153
2022-10-05,-0.45166057770382195,0.6906814256346413,2.328527586487478
2022-10-06,-0.511409183590917,0.7240147589679746,2.328527586487478
2022-10-07,-0.5117171105695684,0.724196396041936,2.3392590266585227
2022-10-08,-0.49563640921758895,0.7146859269399337,2.3854403724053683
2022-10-09,-0.49477584907886224,0.714147589029377,2.399481805314125
2022-10-10,-0.4776002972866803,0.7042906093407348,2.3787742813594397
2022-10-11,-0.47549255895537396,0.703015658180222,2.391599976657658
2022-10-12,-0.47324830699241516,0.7016576453576442,2.405014935711019
2022-10-13,-0.4714616145946561,0.7005591088705125,2.417700367592487
2022-10-14,-0.46959444273539397,0.6994084263303136,2.430874066495495
2022-10-15,-0.4676467899886057,0.6982047463490235,2.444544341932425
2022-10-16,-0.4201062023118022,0.6732666761877607,2.411172982892499
2022-10-17,-0.40156892931713445,0.6620000098494078,2.356385844371551
2022-10-18,-0.41590269277365455,0.6700232450546383,2.320913046436664
2022-10-19,-0.4105247351559182,0.6668902253727328,2.3297842394987396
2022-10-20,-0.4251728057823493,0.6726450607304133,2.341156109826282
2022-10-21,-0.4424099877805945,0.6820466145487033,2.2494718377513268
2022-10-22,-0.42326337292138483,0.6710827047055551,2.2235915562944752
2022-10-23,-0.3723083746075805,0.646289841118156,2.250373567358402
2022-10-24,-0.3825621320628349,0.6548127804097554,2.210328594693318
2022-10-25,-0.3970359841494666,0.6633193551718001,2.203445760518209
2022-10-26,-0.3666675298097805,0.6468107899296542,2.2630472709569185
2022-10-27,-0.3750725937568224,0.6668107899296541,2.396380604290252
2022-10-28,-0.37481566429301194,0.6668107899296541,2.429713937623585
2022-10-29,-0.3698363096058739,0.6649519355090354,2.438265666173362
2022-10-30,-0.3916404227952532,0.6760630466201466,2.4715989995066954
2022-10-31,-0.41652928463206573,0.6878813125955539,2.4533782753517537
2022-11-01,-0.4195619052362741,0.6886128521103431,2.434529250363883
2022-11-02,-0.4179991261743472,0.6884008591090603,2.439578604836048
2022-11-03,-0.44339903227981253,0.6995119702201714,2.4062452715027143
2022-11-04,-0.46136944921728007,0.7098225893656834,2.3952943519531322
2022-11-05,-0.39533052873528035,0.67648925603235,2.3952943519531322
2022-11-06,-0.3782732918871979,0.6523493761642855,2.350652384397848
2022-11-07,-0.36619903495130246,0.6451931785996211,2.3378043719843355
2022-11-08,-0.361765351790673,0.6428154403089399,2.3356775639384812
2022-11-09,-0.35777104344789484,0.6406956068940505,2.33419147023431
2022-11-10,-0.3537116810077219,0.6385466396083203,2.3322118665645397
2022-11-11,-0.3495897285850605,0.6363703980307575,2.329701415904316
2022-11-12,-0.3453872499834761,0.6341569942086969,2.326666969294379
2022-11-13,-0.3411042435840325,0.6319069448251928,2.32307362111503
2022-11-14,-0.3367407077608205,0.6296208137381643,2.3188849755696026
2022-11-15,-0.3785187266375291,0.6513318762808596,2.3643637678306235
2022-11-16,-0.3777238923179219,0.6509640096060819,2.3646388686395574
2022-11-17,-0.3562874708775132,0.6389282857993951,2.411695381351266
2022-11-18,-0.35441722060349556,0.6379640809865214,2.4145199034841114
2022-11-19,-0.35197737305530263,0.6367681851332837,2.417049689472313
2022-11-20,-0.34885900724208696,0.635206859981028,2.4228282360833813
2022-11-21,-0.34629333966394976,0.6339697618870788,2.4296984664209296
2022-11-22,-0.3924612632984535,0.655830788159047,2.4100328962975133
2022-11-23,-0.37688853718742327,0.6439628843024624,2.458654720307772
2022-11-24,-0.3637094286869426,0.6439628843024624,2.425321386974439
2022-11-25,-0.3891509880046149,0.6575478113473748,2.3710221244563163
2022-11-26,-0.3938750936133316,0.6595322186352155,2.2803677149548096
2022-11-27,-0.3732701023637553,0.647791950312292,2.255552808573941
2022-11-28,-0.36094222560249045,0.625626885795324,2.2076106197014957
2022-11-29,-0.3393247946033551,0.6127174680641282,2.1458040893463752
2022-11-30,-0.33666257069764444,0.6101256113561481,2.135198082932397
2022-12-01,-0.3558409639933452,0.62050518295247,2.0873804412536003
2022-12-02,-0.35369757892273873,0.6181639527401738,2.0752356769921367
2022-12-03,-0.33145251602877635,0.604997192489835,2.077830010681521
2022-12-04,-0.3087173236331028,0.5913764060239671,2.0805138041532976
2022-12-05,-0.35377812055250046,0.6117686958868626,2.1177729008482387
2022-12-06,-0.36597736551961696,0.6328641681588234,2.1563167939809365
2022-12-07,-0.3615120954771975,0.6328641681588234,2.18965012731427
2022-12-08,-0.3615033620225401,0.6325210208433022,2.1846146984651593
2022-12-09,-0.36163206211496307,0.63223913856569,2.1794568787489816
2022-12-10,-0.3619051780891818,0.6320216385297374,2.174189465376031
2022-12-11,-0.3623298480818091,0.6318716813055641,2.168826984323332
2022-12-12,-0.36291407486282296,0.6317928774123528,2.1633842262208822
2022-12-13,-0.37593191298383555,0.6440626459181796,2.152615105517048
2022-12-14,-0.3772833330620973,0.6445606401312837,2.146881661722132
2022-12-15,-0.37724073246289097,0.644327149229574,2.1393822787528736
2022-12-16,-0.37722407092343974,0.6440982919752117,2.131614810136091
2022-12-17,-0.3779460217772335,0.6442765680502399,2.1219568594045333
2022-12-18,-0.3661321145101336,0.6230110986840226,2.074806195955063
2022-12-19,-0.3666202081818769,0.6225367163926687,2.0630046961786066
2022-12-20,-0.3672326625226177,0.6220998148896217,2.0505969879060277
2022-12-21,-0.367954707279491,0.6216905063724681,2.037524523129652
2022-12-22,-0.36710965278456953,0.6205132552763791,2.0246794068135188
2022-12-23,-0.36677244906245804,0.619704647378928,2.0097147408309586
2022-12-24,-0.35957165530817103,0.6065910145299256,2.0445324905147846
2022-12-25,-0.35855167751655326,0.604833883605186,2.033274227275421
2022-12-26,-0.3573336279273534,0.6029477341213918,2.0247537621830287
2022-12-27,-0.36107329262996934,0.606354669110982,2.249568668563897
2022-12-28,-0.3874367159310833,0.6369102246665377,2.616235335230564
2022-12-29,-0.40876389913225275,0.6498196423977335,2.6113751989190184
2022-12-30,-0.395302390780589,0.6461487886858618,2.673535262821271
2022-12-31,-0.3746261379342231,0.6339470227784776,2.7312433753323497
2023-01-01,-0.39615809632965326,0.6466748910204719,2.6954021860992787
2023-01-02,-0.39838932284164635,0.6481120530387696,2.7166977783550634
2023-01-03,-0.3880987458446706,0.6283995061713041,2.6806806515499537
2023-01-04,-0.38928221546812874,0.628972982388009,2.700091263643116
2023-01-05,-0.39008583086644283,0.6288388035683258,2.7188421074245706
2023-01-06,-0.40355601075510067,0.6332815209327508,2.70914700768059
2023-01-07,-0.4050061020761963,0.6333077450737663,2.7272343286880187
2023-01-08,-0.4262178317372764,0.6455664404549101,2.687919099396386
2023-01-09,-0.4284355096430661,0.6460335025902607,2.7056339143626054
2023-01-10,-0.4307150155142942,0.6465218412552503,2.7241444981570626
2023-01-11,-0.43305297938994664,0.6470297365601778,2.7434810592583103
2023-01-12,-0.4227568960250644,0.6348583481657012,2.7691183371637695
2023-01-13,-0.4243249504249401,0.6345237863737844,2.790574774247964
2023-01-14,-0.4259485447443755,0.6341857393787573,2.8130296878857255
2023-01-15,-0.42762869969731093,0.6338439272202588,2.836526752635713
2023-01-16,-0.429341896251761,0.6334841809847424,2.861167093781616
2023-01-17,-0.44414678904534005,0.6553284630876645,2.9253452694292577
2023-01-18,-0.46479882301894315,0.6679105725412421,2.889911779556637
2023-01-19,-0.4850983128608842,0.6805072453782548,2.888225213293103
2023-01-20,-0.5051914824249578,0.6931175618325057,2.886974395855448
2023-01-21,-0.47267738302802337,0.6791004533232932,2.9861517489616642
2023-01-22,-0.47632927828067106,0.6811485845627541,3.019821990621344
2023-01-23,-0.4803554042493745,0.6837195352535412,3.0534526630388115
2023-01-24,-0.4359766975363998,0.6635584058000351,3.019010188796297
2023-01-25,-0.4573001102439947,0.6767934813293219,2.984851730056863
2023-01-26,-0.4738672599195494,0.6851268146626553,2.784851730056863
2023-01-27,-0.46293500347162725,0.6771426818349308,2.4670879966105477
2023-01-28,-0.4636166441761001,0.6771426818349308,2.4337546632772145
2023-01-29,-0.48192006956942396,0.6832510501740662,2.3797462033902215
2023-01-30,-0.5027121421878744,0.6954528160814504,2.322038090879143
2023-01-31,-0.4855761361684335,0.6849511890497763,2.367625611254286
2023-02-01,-0.4885825789424435,0.6862215040846386,2.355588639974949
2023-02-02,-0.5054302541953895,0.7098843145703158,2.4023330758361543
2023-02-03,-0.5094353598378717,0.7126743605076367,2.392065552118673
2023-02-04,-0.5135508616512627,0.715565241781406,2.380797395039159
2023-02-05,-0.5173437883607085,0.7184026114658424,2.3694749946032476
2023-02-06,-0.52121750244373,0.7213369172035001,2.3571384658417043
2023-02-07,-0.5047772808464012,0.7117278453829312,2.4039363439741765
2023-02-08,-0.5084815767384668,0.7235267286299225,2.3470818801620896
2023-02-09,-0.5111631828838603,0.7261820695738768,2.334079720920884
2023-02-10,-0.5138566386949766,0.7289114603674526,2.319962433392007
2023-02-11,-0.5169980096303656,0.7321546711330301,2.3044742987791875
2023-02-12,-0.5201936327901141,0.7355212533661076,2.2877122134181955
2023-02-13,-0.5234434637696981,0.739015581434637,2.269597817746901
2023-02-14,-0.5267474214367306,0.74264219020065,2.2500485441300455
2023-02-15,-0.5301062328625944,0.7464062594839571,2.2289754906937844
2023-02-16,-0.533070351794009,0.7495468731527948,2.204962739702906
2023-02-17,-0.515733180557335,0.7384357620416837,2.2716294063695726
2023-02-18,-0.49985441678311204,0.7294163055603625,2.280995937623696
2023-02-19,-0.48361664609731175,0.720085833338306,2.2906854527141687
2023-02-20,-0.521269404797024,0.7380198275913511,2.197260813152588
2023-02-21,-0.505398211421382,0.7319815414392592,2.163266746798543
2023-02-22,-0.5226208972651066,0.7425242235974745,2.0948183246972496
2023-02-23,-0.5882363446273706,0.7758575569308078,2.0948183246972496
2023-02-24,-0.5741398053723066,0.7681285071698013,2.1325706807212925
2023-02-25,-0.5600592976498298,0.7601329384515184,2.1026593248840957
2023-02-26,-0.5366249416302511,0.7486726268347986,2.120423058330411
2023-02-27,-0.5361006214251984,0.7486726268347986,2.120423058330411
2023-02-28,-0.5379689160715236,0.7509285432713757,2.1114808809145553
2023-03-01,-0.5380014701416784,0.7509285432713757,2.1114808809145553
2023-03-02,-0.538176438048479,0.7503190591919388,2.1325600272060794
2023-03-03,-0.5550413805290682,0.7607783423891175,2.0873737392069143
2023-03-04,-0.5714786336774333,0.7704488652367735,2.140629303345709
2023-03-05,-0.573618056573432,0.7724410895377781,2.131959087870779
2023-03-06,-0.5240946020757578,0.7485889148117313,2.0859325080361404
2023-03-07,-0.5243273883735239,0.7496298218236586,2.076155180913137
2023-03-08,-0.5244346254038232,0.7506054392243536,2.0664661021224964
2023-03-09,-0.5403338533901342,0.7602145110449227,2.019668223990024
2023-03-10,-0.5556606891019312,0.7602145110449227,2.019668223990024
2023-03-11,-0.5571950854313262,0.7613880435094414,2.0088264482337874
2023-03-12,-0.5733819965539069,0.7704243281638596,1.964827700454054
2023-03-13,-0.5753262715218292,0.7717439715097504,1.9531157487876698
2023-03-14,-0.5772273965355378,0.7729930307560829,1.9415779396624793
2023-03-15,-0.5790820144338052,0.7741646669395811,1.9302669093837064
2023-03-16,-0.5808866550892707,0.7752516488960958,1.9192399564614187
2023-03-17,-0.5826377036439304,0.7762463174965144,1.9085594207982337
2023-03-18,-0.5843469221849094,0.7771669879911254,1.8983386166980725
2023-03-19,-0.5884255719905748,0.7809773438988654,1.860350293135937
2023-03-20,-0.5914797492200863,0.7827553107381242,1.8458452709122213
2023-03-21,-0.6085173615880028,0.7920857829601806,1.8028224224884155
2023-03-22,-0.5579962394283856,0.7674851220404689,1.7629137287166625
2023-03-23,-0.590882394874756,0.7841517887071355,1.796247062049996
2023-03-24,-0.5768770982768713,0.7767087469384161,1.8237038572930995
2023-03-25,-0.5624365194309673,0.7690090485569822,1.8521074385790683
2023-03-26,-0.5620329573409335,0.7690394120530918,1.8424362922983022
2023-03-27,-0.5621010140826791,0.7693465318324565,1.8334630842781021
2023-03-28,-0.6031594332308063,0.7915687540546786,1.7667964176114355
2023-03-29,-0.6036793307712167,0.7915687540546786,1.7667964176114355
2023-03-30,-0.6190111044776894,0.7998711359456329,1.7297470549142837
2023-03-31,-0.6058954553083581,0.7929701406334132,1.7549107464630522
2023-04-01,-0.6098633953150703,0.797325432839163,1.7119766342721228
2023-04-02,-0.5965989994120652,0.7903366546612032,1.7365275526952995
2023-04-03,-0.5965342071763728,0.7903366546612032,1.6365275526952994
2023-04-04,-0.5973244187928658,0.7909537431137352,1.6194437066547658
2023-04-05,-0.6514443211176251,0.8182280101176571,1.6408038344704472
2023-04-06,-0.6558276631573239,0.8205934648864156,1.6257917190758717
2023-04-07,-0.6603584571354844,0.8230068450816591,1.610596050694954
2023-04-08,-0.6492758471860146,0.8169036328430955,1.6316510869258143
2023-04-09,-0.6372036534767068,0.8105899650100988,1.6534321588887735
2023-04-10,-0.6399625691801325,0.8122865829928803,1.6411771833941176
2023-04-11,-0.6066149764289474,0.7956199163262135,1.674510516727451
2023-04-12,-0.607693896895167,0.7964432247681607,1.6649034397598574
2023-04-13,-0.6087444655298477,0.7972518521478873,1.6553629397632152
2023-04-14,-0.6097673083796944,0.7980479619826565,1.6458834925349222
2023-04-15,-0.6107631927381421,0.7988340417442622,1.6364574075719396
2023-04-16,-0.6117330370066966,0.799612928787288,1.6270745795296537
2023-04-17,-0.612677385666102,0.8003869267457763,1.6177206472135015
2023-04-18,-0.6135136550514767,0.8010562227060145,1.6093541076989346
2023-04-19,-0.614273444917592,0.8016872886359417,1.6011992400019248
2023-04-20,-0.6011537350215399,0.7948489192785605,1.621930248277853
2023-04-21,-0.6561715964296906,0.8222575027019591,1.643376118908124
2023-04-22,-0.6565774285613943,0.8222575027019591,1.5767094522414573
2023-04-23,-0.6593257158571124,0.8238281494524261,1.5681924037914006
2023-04-24,-0.6626667227548558,0.8257184632764071,1.5584022301780327
2023-04-25,-0.666136852777256,0.8276729133185903,1.5486079521738854
2023-04-26,-0.6697242957239671,0.8296841678525948,1.5387853614116709
2023-04-27,-0.6586231710880176,0.8238112081233739,1.5573641669775908
2023-04-28,-0.6468702861840402,0.8177357325414214,1.576583621011301
2023-04-29,-0.6347650501005653,0.8114507578014704,1.5964658148392767
2023-04-30,-0.6357605536822349,0.8120880204624379,1.5910021965074224
2023-05-01,-0.6366535595384359,0.812597075208068,1.5868306641707086
2023-05-02,-0.6380347517472156,0.8133646759165807,1.5816687024974467
2023-05-03,-0.6256702917905248,0.8069289750861179,1.601726243962876
2023-05-04,-0.6266477362342939,0.8074798451541311,1.6011152969735005
2023-05-05,-0.6257926822136956,0.8071092187760784,1.5997467267149854
2023-05-06,-0.6247569938924447,0.8066442447722738,1.598848623530127
2023-05-07,-0.6235293579434057,0.8060800171753983,1.5984435398347883
2023-05-08,-0.6226415487553579,0.8057067890489261,1.5972984520040632
2023-05-09,-0.6221394080694592,0.8055384036709546,1.5953628069390728
2023-05-10,-0.6215248171912761,0.8053057078322675,1.5937830008544163
2023-05-11,-0.6548376544740927,0.8219723744989341,1.5937830008544163
2023-05-12,-0.6564633021926767,0.8228526900068919,1.5913305719266426
2023-05-13,-0.6581087802381994,0.8237354775192713,1.5891225592426226
2023-05-14,-0.6597757284691828,0.8246212539170856,1.5871652856808194
2023-05-15,-0.6614658168327509,0.8255104681299416,1.5854655573397463
2023-05-16,-0.6631807411915355,0.8264034867279642,1.5840307634711288
2023-05-17,-0.6649222371111236,0.8273006094859706,1.5828690433420813
2023-05-18,-0.6666949477148958,0.828205588340452,1.5819557652608107
2023-05-19,-0.668502586589924,0.8291200124681936,1.5812921971662892
2023-05-20,-0.6708249616359633,0.8303017743023189,1.579890885058994
2023-05-21,-0.6713302509486222,0.8305791629781933,1.5777017390641963
2023-05-22,-0.660032911501575,0.8247370651498552,1.5976224886870998
2023-05-23,-0.6600572983774885,0.8247684070704563,1.5986373192007446
2023-05-24,-0.6712831676008745,0.8305777916279093,1.6133572448614768
2023-05-25,-0.6714606274544405,0.830677959845472,1.6155899790920836
2023-05-26,-0.6715205016288266,0.8307122285348816,1.6182384141845116
2023-05-27,-0.6719652378078915,0.830950194755968,1.6203375261571642
2023-05-28,-0.6728305815841096,0.8314058658668145,1.6218462815070214
2023-05-29,-0.6741431867053173,0.8320939730414815,1.6227214700128056
2023-05-30,-0.6860499854142913,0.8383577056927336,1.6030213967958915
2023-05-31,-0.6877533109019133,0.8392460032956531,1.603579697920898
2023-06-01,-0.633336184036726,0.8121338474317671,1.584190741170983
2023-06-02,-0.6336005254986695,0.8123133257885137,1.5835860686609176
2023-06-03,-0.6338402771243022,0.8124799975345268,1.582981612512208
2023-06-04,-0.634117780587897,0.8126651968020596,1.5824035051259053
2023-06-05,-0.6344405664472721,0.8128728158375693,1.5818364320774838
2023-06-06,-0.634816815050571,0.8131070502741959,1.5812637731893011
2023-06-07,-0.6352366517765818,0.813362231695757,1.5807108532301712
2023-06-08,-0.6356882807506687,0.813632018869026,1.5802056134471056
2023-06-09,-0.636176675853862,0.8139191330427074,1.57973742767444
2023-06-10,-0.6236854814422138,0.8075025514234905,1.5652456148356273
2023-06-11,-0.5688378819829683,0.7800741284232607,1.545534595771406
2023-06-12,-0.5657595748213048,0.7785685646613293,1.5440315625482606
2023-06-13,-0.562517638103804,0.7769805408938895,1.5425441927850687
2023-06-14,-0.5515520490714793,0.7716857475117802,1.5896953408737438
2023-06-15,-0.5627438509524111,0.7774722979541814,1.5702276487580396
2023-06-16,-0.5738907497517014,0.7832289443046491,1.550798680646637
2023-06-17,-0.570690604482587,0.7816780255447938,1.5497242984185617
2023-06-18,-0.5673177769714696,0.7800420949612283,1.5486357501858818
2023-06-19,-0.5637485631393121,0.7783090025701561,1.5475579869143952
2023-06-20,-0.5600388491770503,0.7765065832457411,1.5465185471850917
2023-06-21,-0.5565907774533809,0.774843463180082,1.544756342305712
2023-06-22,-0.5530229657641841,0.7731219133907588,1.5428983775851937
2023-06-23,-0.5376291785344339,0.7652985310938883,1.5271362526743382
2023-06-24,-0.48194948942869076,0.737609265765706,1.5399499200379352
2023-06-25,-0.4754125573514437,0.7343988187736655,1.537250316791502
2023-06-26,-0.4686348780990946,0.7310694609811723,1.5343852406064789
2023-06-27,-0.47936366821595927,0.7366892654522784,1.5136570312229116
2023-06-28,-0.47264713251876195,0.7333994479492024,1.5098961885060187
2023-06-29,-0.45470515376691983,0.7242063254646922,1.5274788156958814
2023-06-30,-0.4466690098640516,0.7202394400222453,1.5248546473432945
2023-07-01,-0.4963637705368772,0.745075282781633,1.5429530834585807
2023-07-02,-0.4916314681207155,0.7427567295744991,1.5415519460378104
2023-07-03,-0.4867277155979729,0.740352478955188,1.5401233368490381
2023-07-04,-0.48164529911184106,0.7378589369604681,1.5386654000119047
2023-07-05,-0.47637649637684826,0.7352722514819475,1.5371767437337813
2023-07-06,-0.4709130367403178,0.7325882929029045,1.5356565013387633
2023-07-07,-0.4652467048584933,0.7298029846686681,1.5341029029976805
2023-07-08,-0.4593694088538533,0.7269123283169316,1.5325131543614934
2023-07-09,-0.4532726063051003,0.7239120936712152,1.5308847311438052
2023-07-10,-0.4473963000600684,0.7210296640935506,1.5296998730854667
2023-07-11,-0.496925988626395,0.7458927559588454,1.547965385950483
2023-07-12,-0.49455241654112175,0.7447660039346219,1.5481010350333182
2023-07-13,-0.4922087881114305,0.7436551578325781,1.548292650283258
2023-07-14,-0.4977160511263026,0.7463099333900234,1.4982337761550941
2023-07-15,-0.4804326455420865,0.7375620000586449,1.5154142511949251
2023-07-16,-0.46253966031800103,0.7285124138537706,1.5331871564085433
2023-07-17,-0.45881031738195116,0.7266791168989076,1.5326169101323357
2023-07-18,-0.4732185009388238,0.7340110470668667,1.514329051792806
2023-07-19,-0.4700967746986382,0.7324835313598569,1.513183226443786
2023-07-20,-0.46699532393313015,0.7309654950879297,1.51203373262512
2023-07-21,-0.46390582564956534,0.7294524617054418,1.5109053667740653
2023-07-22,-0.4608328209649215,0.727946618543879,1.509802159504716
2023-07-23,-0.45818467088490833,0.726658621559396,1.5092044321540394
2023-07-24,-0.5067519386405757,0.751658621559396,1.8425377654873727
2023-07-25,-0.5078326071681423,0.752253787172697,1.8530649188906785
2023-07-26,-0.509184253231406,0.7529842811793014,1.864053873314272
2023-07-27,-0.4924425276337677,0.744466497771691,1.8938488344630398
2023-07-28,-0.5100069795880829,0.7533531828400509,1.8768522948461726
2023-07-29,-0.5281625674790497,0.7625463053245611,1.8592696676563099
2023-07-30,-0.5309726904436557,0.764005162748779,1.8708012200808966
2023-07-31,-0.5321661017917705,0.7646579172304048,1.8821063282402866
2023-08-01,-0.5490995327073589,0.7732326929112548,1.864054596705693
2023-08-02,-0.56565409725563,0.7818876102794152,2.112717152144058
2023-08-03,-0.5685509527063931,0.7834058403938616,2.1325120401486157
2023-08-04,-0.5717293825850125,0.7850656193218587,2.153040843473265
2023-08-05,-0.5752058086591527,0.7868751823018225,2.1743299587192824
2023-08-06,-0.5789975022520757,0.788843189116759,2.196406753744165
2023-08-07,-0.5831226092802162,0.7909787360408909,2.2192996364814985
2023-08-08,-0.5876001959475656,0.7932913788812246,2.2430380814931437
2023-08-09,-0.5805724135012564,0.7859237234114395,2.258714752390295
2023-08-10,-0.5834567733411247,0.78730410159946,2.2832233512330466
2023-08-11,-0.5997418648195848,0.7958119014683059,2.431619983398603
2023-08-12,-0.6034499022879823,0.7976104098695379,2.4620795466094765
2023-08-13,-0.6200887791465087,0.8060667454232038,2.4788050874043064
2023-08-14,-0.6249045082440604,0.8084289780219817,2.512025461066699
2023-08-15,-0.5765675520205699,0.7841452308935227,2.4942525558530813
2023-08-16,-0.5945550562718848,0.7932559269968924,2.509831992182003
2023-08-17,-0.5805892556593849,0.786126821031268,2.56189516432621
2023-08-18,-0.5981829036464177,0.795044036652606,2.5447890567780838
2023-08-19,-0.6027066135866985,0.7972536415341467,2.5804013093350826
2023-08-20,-0.607492847932308,0.7995916132523779,2.617280479768221
2023-08-21,-0.6250967028713688,0.8086600593009153,2.6002870744513973
2023-08-22,-0.6308522904201406,0.8114876950851057,2.6379106138409614
2023-08-23,-0.6368096799917599,0.813607960432868,2.315079945352719
2023-08-24,-0.6530451502060548,0.8218661675271114,2.286644448056363
2023-08-25,-0.6030453247537377,0.7967666914878013,2.2578426522792205
2023-08-26,-0.6068592144985969,0.7985701464435292,2.270394163238399
2023-08-27,-0.5933170950392992,0.7916242894243406,2.3142008585224816
2023-08-28,-0.593324025072665,0.7916242894243406,2.3142008585224816
2023-08-29,-0.5954740712396694,0.7925766731028081,2.329490501227364
2023-08-30,-0.5976571047918539,0.7935393888225462,2.344917541675194
2023-08-31,-0.583795819341168,0.786420057402634,2.391294008629511
2023-09-01,-0.5700175841666023,0.7790552317958283,2.163407595133977
2023-09-02,-0.5700681577477351,0.7789052108096892,2.1644729590989895
2023-09-03,-0.5700108741942854,0.7786927829299591,2.164867169982635
2023-09-04,-0.5698317385641747,0.7784106312274812,2.1645408669227506
2023-09-05,-0.5695156777683691,0.7780508878519888,2.1634420432392534
2023-09-06,-0.5690464732350079,0.7776050999834061,2.1615159193343487
2023-09-07,-0.5684066896759313,0.7770641938145157,2.1587048102943904
2023-09-08,-0.5692264313621165,0.7826197493700714,2.192038143627724
2023-09-09,-0.5687357298759633,0.782458219982851,2.188893826124092
2023-09-10,-0.5692529322930191,0.782458219982851,2.022227159457425
2023-09-11,-0.5161122455536308,0.7558712063205331,2.0401578412371095
2023-09-12,-0.49953396613858764,0.7474529720557239,2.0415425943832166
2023-09-13,-0.4864235451228618,0.7413386727883245,2.2244750790143266
2023-09-14,-0.5190871149706046,0.7580053394549912,2.3244750790143267
2023-09-15,-0.5025578624795607,0.7496606959879218,2.3356638748424072
2023-09-16,-0.49986712469938527,0.7484032434002204,2.3278627958946894
2023-09-17,-0.4826933632130642,0.7397274931726417,2.37365116816692
2023-09-18,-0.47855497517540646,0.7377438328843139,2.3665218529542247
2023-09-19,-0.47410884153136645,0.7356111508026565,2.357875003753742
2023-09-20,-0.4563557510823569,0.7264942939337826,2.4046982797452503
2023-09-21,-0.46864629204328684,0.7327780374309457,2.350101259283885
2023-09-22,-0.4805337597471536,0.7389911054165168,2.306265261105461
2023-09-23,-0.46279710627977794,0.7299907987067414,2.3513088907987534
2023-09-24,-0.5129215069459871,0.7551628952138706,2.3979057491021583
2023-09-25,-0.5096822755461377,0.7536660934473306,2.402302700338839
2023-09-26,-0.523053670414816,0.7606119504665192,2.3918293383880904
2023-09-27,-0.5066217044970641,0.7523571901377786,2.4398234535049212
2023-09-28,-0.5035578296713419,0.7509703114148465,2.443628038066216
2023-09-29,-0.5003130269716882,0.7495024121938914,2.447031848286596
2023-09-30,-0.49743430987944515,0.748229389945314,2.4489538427575304
2023-10-01,-0.49493143823361585,0.7471664298815032,2.458800265089377
2023-10-02,-0.4923405167542132,0.7460719891598415,2.4689494825373206
2023-10-03,-0.48966222845216134,0.7449471342022513,2.4794350795219655
2023-10-04,-0.48689776247459976,0.7437932205117262,2.4902935006460765
2023-10-05,-0.48404886873533975,0.742611921637924,2.501564240556656
2023-10-06,-0.4811179167510568,0.741405260315666,2.5132900447367357
2023-10-07,-0.4781079589626444,0.7401756419191539,2.525517121786472
2023-10-08,-0.4855890930343012,0.7427104341692397,2.509155643227385
2023-10-09,-0.4999543961501178,0.7499618268364779,2.4695258490232486
2023-10-10,-0.48275898817288004,0.7413398208653221,2.520199154161981
2023-10-11,-0.5335703565681784,0.7669032629641263,2.503654297408946
2023-10-12,-0.534744025096704,0.7675739626506228,2.519589183720178
2023-10-13,-0.545197547239723,0.7724903061902995,2.3306095004001843
2023-10-14,-0.57872164523866,0.7891569728569662,2.2306095004001842
2023-10-15,-0.5466107472866022,0.7718605906830099,2.5860873712387704
2023-10-16,-0.5299951782370573,0.7635804825696692,2.575158611375614
2023-10-17,-0.5316262752067641,0.7644029994454287,2.582107143900052
2023-10-18,-0.5334563199366522,0.7653222810509844,2.5895411194499087
2023-10-19,-0.5355027846116547,0.7663468027836854,2.597529606198052
2023-10-20,-0.5382319925649655,0.7677210272267855,2.6041789622826315
2023-10-21,-0.5223238362670052,0.759711407475985,2.6594954782234117
2023-10-22,-0.5060786679544244,0.7514255939406741,2.7167194602311158
2023-10-23,-0.46296837279814285,0.7270925673171161,2.6716758305378234
2023-10-24,-0.47411188849342456,0.7352538041433204,2.6584123055677518
2023-10-25,-0.4560137415412648,0.726798267695076,2.6450022155564574
2023-10-26,-0.38969424113468165,0.6934649343617427,2.6116688822231238
2023-10-27,-0.38566225955069644,0.6914341669211896,2.6175945866616823
2023-10-28,-0.3815968949768182,0.6893811964214085,2.6235934331649746
2023-10-29,-0.3775032351678925,0.6873080510499435,2.629681763678022
2023-10-30,-0.3733676807850315,0.6852073152259651,2.635913760951142
2023-10-31,-0.3691758270004607,0.6830707940309466,2.6420211228774098
2023-11-01,-0.36492876865696056,0.680898339026502,2.6479891104753444
2023-11-02,-0.3606276147984429,0.6786897598825107,2.6538013184392537
2023-11-03,-0.3773217703218359,0.6872299858654531,2.637458201751051
2023-11-04,-0.3348600808803043,0.662476255144189,2.6874060603991627
2023-11-05,-0.3459251583013558,0.6710960798003335,2.6369630589079383
2023-11-06,-0.34136713065044777,0.6687140259341674,2.640806022256954
2023-11-07,-0.3363939594993461,0.6661624256501993,2.645345690499353
2023-11-08,-0.33623323557470924,0.6661624256501993,2.645345690499353
2023-11-09,-0.3311806233884858,0.6635701016772639,2.6496610883040908
2023-11-10,-0.32420166705300785,0.6600068892190963,2.654695805231509
2023-11-11,-0.3169415857300307,0.6562976797904231,2.659354654249141
2023-11-12,-0.309070690504241,0.6522910375007721,2.670690694037036
2023-11-13,-0.2853124038294145,0.6403010732766607,2.7283007179693475
2023-11-14,-0.31103935129647114,0.6544228609493307,2.3741041910027736
2023-11-15,-0.32171656835689605,0.6597477871889628,2.3870043355201105
2023-11-16,-0.31447830259138615,0.6561389867663261,2.3802766524725265
2023-11-17,-0.29899647720150224,0.6472949107312933,2.3939586151575294
2023-11-18,-0.31435893893337613,0.6550833506385038,2.3740409616175944
2023-11-19,-0.3290096237753605,0.6628259830642775,2.85390166287484
2023-11-20,-0.33226510062053255,0.6643384276738351,6.7652518136007265
2023-11-21,-0.31919552283918057,0.6572985707110617,9.908027831593023
2023-11-22,-0.3517613715161886,0.6762174896299806,12.87469449825969
2023-11-23,-0.3384140990894272,0.6668607644837817,14.841361164926356
2023-11-24,-0.3457165278175538,0.6694712062508501,17.741361164926357
2023-11-25,-0.38509643089563306,0.6894712062508501,17.94136116492636
2023-11-26,-0.39448360485984035,0.6942011784645883,18.054108012037638
2023-11-27,-0.4149951635598582,0.7045551385838745,18.066654897598802
2023-11-28,-0.4083068068093338,0.7010893146599876,18.512332172142866
2023-11-29,-0.42916236836362315,0.7115824041524554,18.557801713444498
2023-11-30,-0.4500989974739397,0.7221467110180906,18.50306767601525
2023-12-01,-0.4530359019901725,0.7235690686729729,19.04979452310283
2023-12-02,-0.47145885925798847,0.7342794100102225,19.061334479154855
2023-12-03,-0.4536566672305039,0.7251166310450577,19.6496563577464
2023-12-04,-0.49653454591223045,0.7501206528052322,20.189299680427315
2023-12-05,-0.5026159064907675,0.7501206528052322,20.189299680427315
2023-12-06,-0.4912532941744057,0.7444968519407599,20.167939479685415
2023-12-07,-0.49659327127929215,0.7471980390542275,20.772166851726315
2023-12-08,-0.47941120793162617,0.7384807300560975,21.453965708682396
2023-12-09,-0.48452260742918113,0.741063855172609,22.102390005936815
2023-12-10,-0.4900509157395474,0.7438589229641094,22.773000150788725
2023-12-11,-0.4960202029933187,0.7468782761769951,23.466574133428022
2023-12-12,-0.5024667379090868,0.750139905096865,24.183673562372537
2023-12-13,-0.5099548183947548,0.7539274510216996,24.923514005282993
2023-12-14,-0.516813972431861,0.7573586437828157,25.701079860947825
2023-12-15,-0.5235414691238832,0.7607245353895002,26.505013499755684
2023-12-16,-0.5307505438270849,0.7643309336178856,27.336900977248206
2023-12-17,-0.546672922618373,0.7734457933978126,28.17610445922228
2023-12-18,-0.531165897971567,0.7656335793770476,29.0787287509196
2023-12-19,-0.515766358631881,0.7575519786659114,29.495236638882343
2023-12-20,-0.5121725040069401,0.7559129177315389,26.37438272987829
2023-12-21,-0.5259028891178017,0.763350263685817,23.939016617115467
2023-12-22,-0.5540461831257301,0.7777646781002314,20.972349950448802
2023-12-23,-0.5066959258391788,0.753788069913097,18.972349950448802
2023-12-24,-0.5335774681981901,0.7678442948126953,16.039016617115468
2023-12-25,-0.5455535523156031,0.7736320291165816,16.350706845291864
2023-12-26,-0.5413561754783146,0.7715733634539348,16.707627770991582
2023-12-27,-0.5256462622743425,0.7636965828833808,17.18030459068095
2023-12-28,-0.5376736321671255,0.7699160052816584,17.22100474898029
2023-12-29,-0.5217646356736221,0.7619820744293018,17.67690146446237
2023-12-30,-0.5053677367752758,0.7537745597544502,18.25196703220245
2023-12-31,-0.5071722826038878,0.7548161284124321,18.224455739412786
2024-01-01,-0.5098972940453305,0.7548161284124321,18.19112240607945
2024-01-02,-0.5118366258024554,0.7558402490113071,18.140828131884042
2024-01-03,-0.5123642835312899,0.756037476466689,18.07019118193427
2024-01-04,-0.49570404976843996,0.7476249756551955,18.658818464069935
2024-01-05,-0.5127804388622768,0.7561637679191676,19.23326048007235
2024-01-06,-0.5201552946411768,0.7645904999506933,18.57418825168147
2024-01-07,-0.5215602629459358,0.7654908368436105,18.474885580750403
2024-01-08,-0.5386691227485377,0.7741220416711901,17.80480591388584
2024-01-09,-0.540345612465642,0.7751655974886759,17.633488871234018
2024-01-10,-0.4945808005415207,0.7502696549494426,16.88460306678642
2024-01-11,-0.4470286441902434,0.7252649914462137,16.111813948040666
2024-01-12,-0.41951851029066367,0.7112451875232682,15.381030147864568
2024-01-13,-0.41616349423237936,0.7096550683419045,15.0251663646548
2024-01-14,-0.41246080533028434,0.707894052236815,14.6293095668927
2024-01-15,-0.3920963758505496,0.6990830211162188,13.784746200984426
2024-01-16,-0.38676615001610376,0.6965187875892674,13.288492467941742
2024-01-17,-0.3817868482959779,0.6941355189069301,12.74400156163216
2024-01-18,-0.37716686513301567,0.6919487444324824,12.166372765864912
2024-01-19,-0.32737809871750456,0.6667516471747645,11.320560008202301
2024-01-20,-0.32053241628511664,0.6634206603985214,10.885440814791504
2024-01-21,-0.2974210328236999,0.6518144762743324,11.226318084267072
2024-01-22,-0.34125275495754637,0.6742908375251715,11.578949742345248
2024-01-23,-0.3188043325731292,0.663059487095005,11.943741112770946
2024-01-24,-0.3109853939681951,0.6592466408183988,11.791776777166776
2024-01-25,-0.30304157394389425,0.6553733055551045,11.622264673931438
2024-01-26,-0.29536555025731737,0.6516380201299915,11.430608125078006
2024-01-27,-0.28701009922721266,0.6475594689178651,11.23093927597793
2024-01-28,-0.27891511530323587,0.6436138618312638,11.008664717754327
2024-01-29,-0.2711064043303146,0.6398152170752918,10.75889567242853
2024-01-30,-0.2629662017567001,0.635849668408494,10.501462566670453
2024-01-31,-0.2377213578089325,0.62329276042258,10.794616448279779
2024-02-01,-0.22826910731517022,0.6187221573677962,10.541298804017563
2024-02-02,-0.21847272205975443,0.6139871463643861,10.281681825468711
2024-02-03,-0.20891302124612202,0.6093789453543582,9.992815044827289
2024-02-04,-0.19843483458289313,0.6043173997486752,9.674178995336081
2024-02-05,-0.14205285797843145,0.5709840664153418,9.674178995336081
2024-02-06,-0.1289663958785819,0.564276936400574,9.370706354459722
2024-02-07,-0.09900701630482797,0.5492520031730076,9.624868642544543
2024-02-08,-0.08378844413335718,0.5414618792310879,9.34870932431387
2024-02-09,-0.11691646470602485,0.5601329785149185,9.636595852738486
2024-02-10,-0.15281351349342254,0.5794479088085364,9.934409502832917
2024-02-11,-0.16895705519398346,0.5879346183076813,10.173527071896121
2024-02-12,-0.16043269524859402,0.5837373614099496,10.00622916524927
2024-02-13,-0.1797078606808517,0.593474226335389,9.651918846352848
2024-02-14,-0.18866959165451025,0.596697475519368,9.915778116916737
2024-02-15,-0.2090080372745318,0.606813515933059,9.50616170131868
2024-02-16,-0.20305014721336737,0.603802412382236,9.394512050963042
2024-02-17,-0.19704612241201816,0.6007628836908481,9.29893064700091
2024-02-18,-0.22143884313781945,0.6118739948019591,9.398930647000912
2024-02-19,-0.2437285990745136,0.6230933061220084,9.10274928650786
2024-02-20,-0.23712207423298742,0.6180328235795307,8.795205350365624
2024-02-21,-0.2395121375120353,0.6177786845509139,8.509240358954115
2024-02-22,-0.2337380058573804,0.6141952201662656,8.444448988528416
2024-02-23,-0.24527729412747895,0.6199981099167634,8.28472309595619
2024-02-24,-0.24328542234179518,0.6187782755844069,8.169635455336355
2024-02-25,-0.2336185064825195,0.6137236749134072,7.8552818511670885
2024-02-26,-0.2572520474304691,0.625471692616145,7.514250541967824
2024-02-27,-0.25867811424575604,0.6262401194439917,7.247295051376013
2024-02-28,-0.2582495524285497,0.6257720126291193,7.126205374787995
2024-02-29,-0.2580869092512551,0.6254245072574167,7.009817195757565
2024-03-01,-0.2587891695571617,0.6254980157689628,6.8793068767050745
2024-03-02,-0.2598415854076989,0.6257316660586583,6.753031293004644
2024-03-03,-0.261268097851806,0.6261366494963917,6.631353688436918
2024-03-04,-0.26307344524252124,0.6267145013633584,6.515441227871732
2024-03-05,-0.2653023627826809,0.6274868152121407,6.406519235890203
2024-03-06,-0.3298030065923173,0.660820148545474,6.406519235890204
2024-03-07,-0.3367284069066578,0.6641492248263325,6.304305886974013
2024-03-08,-0.34492569620696667,0.6681111979867921,6.189803722988823
2024-03-09,-0.35393042902512867,0.6724784158749199,6.080875943632786
2024-03-10,-0.3621033243614844,0.6763523964735405,5.9582649122843145
2024-03-11,-0.36932021443391255,0.6796939305309544,5.821156478127465
2024-03-12,-0.3762292889604581,0.6828580447455501,5.671074733514754
2024-03-13,-0.3836705509046035,0.6862759993433294,5.521586649661838
2024-03-14,-0.3627379573044141,0.6754579303551683,5.5740551548225925
2024-03-15,-0.36874031484700787,0.678173808108127,5.424340569922793
2024-03-16,-0.3470789630810637,0.6670763532153038,5.576904037851166
2024-03-17,-0.3459124309995938,0.6636162728025625,5.397086969485731
2024-03-18,-0.3510457521234303,0.6657836310477941,5.262540635778311
2024-03-19,-0.3717614286786205,0.6772474344172583,5.306076519770667
2024-03-20,-0.35046957818521185,0.6661180356040604,5.420079158383448
2024-03-21,-0.3591331744495331,0.6718462437283382,5.5380129224656365
2024-03-22,-0.35727726140828214,0.6720248498339131,5.62553060944721
2024-03-23,-0.3645771537789615,0.6760410323952358,5.474686837359183
2024-03-24,-0.35448795071641004,0.6706171599490944,5.422089831750879
2024-03-25,-0.3796618890500218,0.6833245507629475,5.183101983239667
2024-03-26,-0.3925689170942171,0.6896460869961526,5.292864120592759
2024-03-27,-0.37176038562008545,0.6789442279270544,5.440893917854578
2024-03-28,-0.37348670502552594,0.6793675921084471,5.525062673642667
2024-03-29,-0.37746039990125546,0.6812157155387688,5.469850856361793
2024-03-30,-0.3815767271049507,0.6831395503070913,5.4167485687964225
2024-03-31,-0.3858107807304826,0.6851271894290958,5.366315523696125
2024-04-01,-0.39015454597647686,0.687175310924628,5.318497738547554
2024-04-02,-0.3945989061159387,0.689280092353188,5.273226843723783
2024-04-03,-0.3858858079137765,0.685056275641076,5.122712136128059
2024-04-04,-0.40731379701474046,0.6974733818006713,4.942494828265052
2024-04-05,-0.3882074117403563,0.6870414294489702,5.078442925791434
2024-04-06,-0.3899825496182751,0.6878308158152681,5.036171789198931
2024-04-07,-0.39153623395797665,0.6885108026369396,4.996391377688934
2024-04-08,-0.3928329855495684,0.6890636435597679,4.958995358173629
2024-04-09,-0.3938926286941283,0.6895019624248103,4.924537787342226
2024-04-10,-0.3947399529378996,0.6898401704211502,4.89361990145308
2024-04-11,-0.40969894556307357,0.7004115689296319,4.771250743669255
2024-04-12,-0.4105964759818193,0.7008990023636422,4.745377091738477
2024-04-13,-0.4122467692803253,0.7017762807087621,4.716801986114886
2024-04-14,-0.4137469913690167,0.7025901590743012,4.692404103914614
2024-04-15,-0.4160458884081065,0.7038147730694391,4.661904106192663
2024-04-16,-0.4245973260571463,0.7108428686925231,4.684728385716548
2024-04-17,-0.4271335866778422,0.7123966355078586,4.6648038253695905
2024-04-18,-0.42904297088531185,0.7136086769247759,4.642690973838518
2024-04-19,-0.43175239767132845,0.7152462852461798,4.61588448471628
2024-04-20,-0.4508995498251795,0.7261847437885686,4.464617387300759
2024-04-21,-0.47225498465174265,0.7371172487941049,4.343766366985851
2024-04-22,-0.4759680128308917,0.739223325221652,4.304769109386771
2024-04-23,-0.48015698003955737,0.7415890550586367,4.266240808615596
2024-04-24,-0.46228295918891343,0.7326783328192794,4.3788698020161325
2024-04-25,-0.464686891221883,0.7341622033649045,4.3473527565479735
2024-04-26,-0.4678912530610473,0.736066271483451,4.30964444064085
2024-04-27,-0.46655088101553954,0.7356429073020584,4.22547568485276
2024-04-28,-0.46962296622615557,0.7375197070180339,4.182566196180035
2024-04-29,-0.4726590431278232,0.7393948848356525,4.140008183331194
2024-04-30,-0.4927482677878088,0.749890645188016,4.094464332541323
2024-05-01,-0.49628598211803093,0.7520532429212364,4.05225628405835
2024-05-02,-0.49979243284771024,0.7542178343201346,4.0101538509664385
2024-05-03,-0.5169687060999392,0.7629839665380701,4.079469500999764
2024-05-04,-0.48683537925159115,0.7463172998714035,4.112802834333097
2024-05-05,-0.47635809184353106,0.7400825855564379,4.043521403473383
2024-05-06,-0.47933655875025816,0.7418843707199265,4.0092920798276745
2024-05-07,-0.4823641561448137,0.743724838584857,3.975254173004872
2024-05-08,-0.48545143793239526,0.7456097073788257,3.941332063171467
2024-05-09,-0.48860863834853313,0.7475444572048261,3.9074284175104057
2024-05-10,-0.49184548972067244,0.7495342601973667,3.8734218146158312
2024-05-11,-0.4803574350540104,0.7408975105490001,3.938022566843963
2024-05-12,-0.48276298555713454,0.7422767694519435,3.910182755640704
2024-05-13,-0.4701751097951744,0.735550893428318,3.8196226894368746
2024-05-14,-0.4721209072655469,0.7366874704750083,3.7895267785928146
2024-05-15,-0.4740545289283128,0.7378210117648555,3.7594448017790265
2024-05-16,-0.4894336165622918,0.7474595828084382,3.6366205222551415
2024-05-17,-0.4915818938676146,0.7486686499567339,3.6011659255960224
2024-05-18,-0.4937384088997733,0.7498776145440428,3.5652512687600746
2024-05-19,-0.495875858039591,0.7510717983129346,3.529022537175378
2024-05-20,-0.4807837241514263,0.7424880672202772,3.6162302108710804
2024-05-21,-0.4639476392292715,0.7341547338869439,3.6828968775377473
2024-05-22,-0.4536621077148446,0.7280324748980739,3.8394045738915215
2024-05-23,-0.45274849190408234,0.7275650066166752,3.8246860830389675
2024-05-24,-0.47062330350968035,0.7364757288560325,3.7120570896384293
2024-05-25,-0.47082800790138213,0.736555505597106,3.690150342503618
2024-05-26,-0.4884217983808726,0.7453532965476576,3.579828861148923
2024-05-27,-0.4937716693596206,0.7480666286125194,3.5998229598092304
2024-05-28,-0.494604383760716,0.7484303155640534,3.5797283654516163
2024-05-29,-0.4953611201394373,0.7487418821408948,3.5604083717316315
2024-05-30,-0.47835676171311897,0.7400778091112704,3.545250039722377
2024-05-31,-0.47773851319014266,0.7396648631178233,3.527767065779757
2024-06-01,-0.47697803364567876,0.7391630365246402,3.511133038704355
2024-06-02,-0.47559904540241477,0.7383416251448668,3.491535229659685
2024-06-03,-0.491856177088628,0.7465603018740001,3.5429674789582952
2024-06-04,-0.5062688459424458,0.7550623812489656,3.561690495474098
2024-06-05,-0.5071975459224495,0.7555167954051394,3.546255958082596
2024-06-06,-0.5080538701145755,0.7559234146058388,3.531462916188724
2024-06-07,-0.5088332647192672,0.7562790596826324,3.51732949732725
2024-06-08,-0.5095306660050987,0.7565802528715223,3.503877810424383
2024-06-09,-0.5101405000320676,0.7568232181361483,3.491134913728126
2024-06-10,-0.5111675026515757,0.7573723804667395,3.4757249946551663
2024-06-11,-0.5121469691249613,0.7578929187775946,3.4607436925522164
2024-06-12,-0.5286137446307998,0.7667857780457875,3.5111141647091895
2024-06-13,-0.4798466720865276,0.7422295290299539,3.4181299387560955
2024-06-14,-0.48004640147610655,0.7423815468666815,3.4063604607208218
2024-06-15,-0.46604903822851984,0.7334981519310498,3.48933840764223
2024-06-16,-0.4651685952117069,0.7329750313094744,3.4854822863334785
2024-06-17,-0.41730903013004184,0.707979110824673,3.3999739107081424
2024-06-18,-0.41459982941760676,0.7064931560836986,3.395523958071341
2024-06-19,-0.41231762640933234,0.7052519522514026,3.387913397629971
2024-06-20,-0.40954038069202886,0.7037089161221407,3.366806963065487
2024-06-21,-0.41788997841292375,0.7088176526934021,3.1725589273091246
2024-06-22,-0.41668796094311306,0.7081711922132894,3.1500717840080954
2024-06-23,-0.3966245359373233,0.6981081298758166,3.224212190353202
2024-06-24,-0.3940657957355762,0.6967823582992204,3.2081453575204293
2024-06-25,-0.3733196181250197,0.6863265775509177,3.284288300883203
2024-06-26,-0.36916609931717315,0.6841976102729315,3.2734077954029948
2024-06-27,-0.364840641422019,0.6819826894008237,3.262845017125456
2024-06-28,-0.36033993543678583,0.6796806482718558,3.2525842117942085
2024-06-29,-0.3562703898783575,0.6775979875532554,3.242492286693237
2024-06-30,-0.35208183406479016,0.6754577504648219,3.232655225345426
2024-07-01,-0.3477750687112155,0.6732610164627592,3.223052542126153
2024-07-02,-0.3433673455108313,0.6710168575426866,3.2137945184181
2024-07-03,-0.33793624519160204,0.6683537363691088,3.1956956024528234
2024-07-04,-0.33213167287199086,0.6653637830973895,3.183075088900366
2024-07-05,-0.3260949187311386,0.6622550585350534,3.1705516106527027
2024-07-06,-0.31982047221490184,0.6590251152222676,3.1581063932204265
2024-07-07,-0.31330278977753984,0.655671530930531,3.1457193896305355
2024-07-08,-0.30653631132794007,0.6521919198291174,3.133369099258334
2024-07-09,-0.2995154772524976,0.6485839440254267,3.1210323470352375
2024-07-10,-0.2922171315421141,0.6448326186308987,3.108801566082826
2024-07-11,-0.284633344006716,0.6409339875913574,3.09666563068733
2024-07-12,-0.2762202266904925,0.6365942706791358,3.0823743019279557
2024-07-13,-0.31991372680232405,0.6585457972542784,3.1541803123392644
2024-07-14,-0.2780025873439244,0.6337997456920557,3.0739682969819038
2024-07-15,-0.2715182268629984,0.6303618696148489,3.0596451897177546
2024-07-16,-0.26484062782325674,0.6268234847288274,3.0449611519034194
2024-07-17,-0.306457495917979,0.6484380876505111,3.1154770536931924
2024-07-18,-0.30272844976367747,0.6464361887390219,3.105820263887049
2024-07-19,-0.2989495124422547,0.6444080589627329,3.096092914447638
2024-07-20,-0.295136034008855,0.6423632018193051,3.0867579472539197
2024-07-21,-0.3023713554757179,0.6520692800628584,3.0143393163436154
2024-07-22,-0.3208021945312886,0.661796906989082,2.942670256876679
2024-07-23,-0.31818763078223694,0.6605447958550567,2.932961914343005
2024-07-24,-0.3155711420626873,0.6592952247362923,2.923472830095508
2024-07-25,-0.31357981500944315,0.6583631091219949,2.9110309173097253
2024-07-26,-0.317619099735099,0.6605565221128972,2.935250657462959
2024-07-27,-0.3159907703989308,0.6598176887581412,2.923954300233218
2024-07-28,-0.30427068928378903,0.6538283338157459,2.882201493173411
2024-07-29,-0.31562395288735845,0.6645750675639708,2.807451750283636
2024-07-30,-0.31436678425020875,0.6641998026363553,2.7927895614884024
2024-07-31,-0.33608713506209503,0.6750911020875966,2.718687810084197
2024-08-01,-0.33583609300001815,0.6752315932788004,2.7016151649692346
2024-08-02,-0.3360744695318355,0.6755269355757705,2.6913260327267947
2024-08-03,-0.3362104276906562,0.6758773891095077,2.6743691687208093
2024-08-04,-0.33655923799042314,0.6763471246465579,2.6572594293438474
2024-08-05,-0.33713643644978003,0.6769444353163611,2.6399888443825863
2024-08-06,-0.3379582859688261,0.6776779837434586,2.6225498600636916
2024-08-07,-0.29448498678563517,0.655938253082488,2.55143755675508
2024-08-08,-0.29431152124718435,0.6561918499465247,2.5317963570902475
2024-08-09,-0.29438374122977345,0.656583547578098,2.511899625745676
2024-08-10,-0.29471996146961116,0.6571231875776407,2.491735280747688
2024-08-11,-0.29535788300245247,0.6578310812637961,2.4713684179483684
2024-08-12,-0.29451112940406365,0.6578064358848138,2.4478231802107513
2024-08-13,-0.3314697120922304,0.6804894164325661,2.4977481174593974
2024-08-14,-0.33353700429256106,0.6822179525297288,2.4783723563470406
2024-08-15,-0.35802933289873157,0.6946571697054346,2.4102069846169267
2024-08-16,-0.3598076717330814,0.6962509311556043,2.385887327062572
2024-08-17,-0.3617759203929232,0.6979686808941071,2.36106205337897
2024-08-18,-0.36394234787850654,0.6998155988917408,2.3357161616179813
2024-08-19,-0.32135932949647966,0.6784034921644306,2.2661575633761837
2024-08-20,-0.3335203062242832,0.6784034921644306,2.2661575633761837
2024-08-21,-0.31158607023081936,0.6673139574114799,2.309818169009845
2024-08-22,-0.31135842984204626,0.6675473767754945,2.2883304536535296
2024-08-23,-0.3112131635334182,0.6678319337423635,2.2664289923969094
2024-08-24,-0.3111315544930172,0.6681584449361694,2.244201339813709
2024-08-25,-0.3049517921895685,0.6653363223477614,2.183656558427975
2024-08-26,-0.30457113736703006,0.6655266200577483,2.158129050089863
2024-08-27,-0.31477229646044774,0.6712344345424982,2.1635817759550307
2024-08-28,-0.3015965714894879,0.6598976909060326,2.203705285470721
2024-08-29,-0.29111767891211926,0.6377576974848208,2.1439456334211076
2024-08-30,-0.2666946465986617,0.625266583604987,2.18339203457356
2024-08-31,-0.2643104583128086,0.6235436522369244,2.1655222714564677
2024-09-01,-0.2618358367626879,0.6217511252252402,2.1473911072747325
2024-09-02,-0.259271195227334,0.6198847023326792,2.1292194499834887
2024-09-03,-0.25660608984363703,0.6179377222528903,2.111011174833131
2024-09-04,-0.2538291808908567,0.6159030080093224,2.092770565538322
2024-09-05,-0.250928176834084,0.6137728364322832,2.074502314002965
2024-09-06,-0.29398303261007863,0.6349374169989137,2.111554117934101
2024-09-07,-0.2939717049717739,0.6342045055179615,2.097063006239062
2024-09-08,-0.29395749640470975,0.6334328144124395,2.0827582952215926
2024-09-09,-0.29393120411441404,0.6326159049929498,2.0686556405482786
2024-09-10,-0.2938820079332293,0.6317464161560241,2.054768993051724
2024-09-11,-0.2938603137716301,0.6308477947860659,2.041215400391068
2024-09-12,-0.2925634377069981,0.62913601472929,2.0254728929059533
2024-09-13,-0.2911505558915663,0.6273056030809989,2.0098556700286743
2024-09-14,-0.26672090254271036,0.6144540721527575,2.044678279340008
2024-09-15,-0.2635110137827537,0.6116334908078318,2.032912450108195
2024-09-16,-0.2601225686171004,0.6086564152876155,2.021596946547134
2024-09-17,-0.25654257617816867,0.6055129951633352,2.0107652494757255
2024-09-18,-0.29926316521496,0.6263927536172432,2.0456192235955784
2024-09-19,-0.27510744877519316,0.6135097451212862,2.0816750588919772
2024-09-20,-0.2738495653069542,0.6116544274561071,2.0738080550948097
2024-09-21,-0.2725561562807455,0.6097270843761283,2.066410731006578
2024-09-22,-0.29550590115230513,0.6207993532513828,2.0241964312600143
2024-09-23,-0.3182852764398351,0.6318607384201772,2.016056386599557
2024-09-24,-0.31874505204010356,0.6307064079399155,2.010277070329612
2024-09-25,-0.31923380806809937,0.6295057109703353,2.005178726199948
2024-09-26,-0.31938765373315464,0.6280667894678468,1.9997165520704625
2024-09-27,-0.3200011398547677,0.6269691721768749,1.9926824578152809
2024-09-28,-0.33103566177089105,0.6485887988036637,2.026912887395118
2024-09-29,-0.33325431808734657,0.6493930131208595,2.021517054733793
2024-09-30,-0.35764185792008163,0.6619415580462954,1.9826663123519104
2024-10-01,-0.3609455145575461,0.6633274350401248,1.976986147009744
2024-10-02,-0.3854133911528331,0.6759979449623689,1.9726788320102946
2024-10-03,-0.3898550230639779,0.6780000216075233,1.9679087512233002
2024-10-04,-0.4145575072275163,0.6908032546738792,1.931483065705356
2024-10-05,-0.39827878205702333,0.6836774934594697,2.0289996552385907
2024-10-06,-0.4216262038301366,0.6958462462261726,2.125281184640787
2024-10-07,-0.44467550690156693,0.708039429375574,2.188712417766152
2024-10-08,-0.4498726806485895,0.7106120712708545,2.192366008198723
2024-10-09,-0.45524997393223926,0.7133015942459546,2.1966318829452898
2024-10-10,-0.46081438755121495,0.7161138417662971,2.2015237067347235
2024-10-11,-0.46657142557576997,0.7190540502828567,2.207051579367263
2024-10-12,-0.4901199260171817,0.7314161831252137,2.1728691496037316
2024-10-13,-0.49698093973694246,0.7350062031267384,2.1784903040718366
2024-10-14,-0.5049209419855307,0.739163173160324,2.1831045118212105
2024-10-15,-0.5132454232043614,0.743560748413858,2.1882835484320036
2024-10-16,-0.521973798399015,0.7482126219699354,2.1940313622901026
2024-10-17,-0.5311266000194831,0.75313329875637,2.200350883421633
2024-10-18,-0.539121891714056,0.7575036623818571,2.2056864578983935
2024-10-19,-0.5482258388426484,0.7624689698736008,2.209962713036546
2024-10-20,-0.5576870904160837,0.7676694713362731,2.2146577012414332
2024-10-21,-0.5192921876920981,0.7473452351904021,2.1791106768745476
2024-10-22,-0.502726211882726,0.7386330019211056,2.2197696657322905
2024-10-23,-0.4857680540417481,0.7296203468149368,2.2273479300678862
2024-10-24,-0.4915274684548388,0.7330311722933859,2.234833132127827
2024-10-25,-0.49746862962990007,0.7366010157872841,2.2427522495736154
2024-10-26,-0.5036093533246234,0.7403435753155406,2.251132790866828
2024-10-27,-0.5099406713296336,0.7442530374927361,2.260044871316881
2024-10-28,-0.5161098098323271,0.7475518043440833,2.268083905245218
2024-10-29,-0.49440945018467075,0.7370164816844991,2.3007000034207583
2024-10-30,-0.4771154094825832,0.727948084501206,2.345551727676647
2024-10-31,-0.47653260879185155,0.7280593922220907,2.3796521894429885
2024-11-01,-0.45871278596248544,0.7186821298849214,2.3927436442513677
2024-11-02,-0.46108719148066873,0.7200849612048317,2.4073931233213006
2024-11-03,-0.4426797261845079,0.7104327184877569,2.4559239206772077
2024-11-04,-0.46613190978892255,0.7211372949873348,2.368197159321249
2024-11-05,-0.44791557337413984,0.7115213396420704,2.2774453372288783
2024-11-06,-0.4293798766627476,0.701573799629728,2.2180469005815984
2024-11-07,-0.4286732278838223,0.7012621350903789,2.218932448594801
2024-11-08,-0.4277567879236751,0.7008469813263934,2.219701433617198
2024-11-09,-0.37921790710107695,0.6769765199341836,2.179650643392707
2024-11-10,-0.396849163576875,0.686341384924755,2.2394155907471314
2024-11-11,-0.3760847058177647,0.6755255706118155,2.2821540593935845
2024-11-12,-0.3719158695633568,0.6734745143181975,2.285728671646059
2024-11-13,-0.3673294871050579,0.6712093881512277,2.2892674357779503
2024-11-14,-0.3622979024079855,0.6687145136594128,2.292749638789879
2024-11-15,-0.3575040671067827,0.6659963151493038,2.3196152600468753
2024-11-16,-0.3515170824836989,0.6629915915766463,2.3237278247580906
2024-11-17,-0.3450479503751021,0.6597325546523288,2.3277982167187705
2024-11-18,-0.3380418155125221,0.6561899196446987,2.331861509949192
2024-11-19,-0.3304678397225412,0.6523457971725755,2.3359030205942872
2024-11-20,-0.3597775376684539,0.6523457971725755,2.3359030205942872
2024-11-21,-0.37631736094651996,0.661058030441872,2.2952440317365443
2024-11-22,-0.3725431983244355,0.6586938126359042,2.29758527662167
2024-11-23,-0.368440291668059,0.6561304554063359,2.2997491436731816
2024-11-24,-0.36399103785262754,0.653355608496648,2.3017145538145463
2024-11-25,-0.35917661241269555,0.6503560234339275,2.3034587525368817
2024-11-26,-0.35397785101174883,0.6471181953629341,2.3049557829237775
2024-11-27,-0.36999837457620505,0.6555331352181314,2.3293529860822706
2024-11-28,-0.39371405838159934,0.6666434732141588,2.3062272269816595
2024-11-29,-0.3908381490312981,0.6645295211008123,2.3048712097163153
2024-11-30,-0.3924718261429995,0.6644558264261278,2.2809012514306706
2024-12-01,-0.4098828260120419,0.6738330887632971,2.301143129955625
2024-12-02,-0.4271294133018961,0.6831635900564693,2.254230025844915
2024-12-03,-0.4265931950461207,0.6822232752829768,2.2472750639541466
2024-12-04,-0.42522979054883125,0.6808814125345505,2.243105336527694
2024-12-05,-0.42372461526187116,0.6821640345464816,2.3005238252867315
2024-12-06,-0.42352960579691934,0.6814947323022317,2.3033678571731153
2024-12-07,-0.4233522391291445,0.68081309772333,2.3062794229861607
2024-12-08,-0.4232003578126963,0.6801222741508106,2.3092648708954355
2024-12-09,-0.48961004104023537,0.7134556074841439,2.3092648708954355
2024-12-10,-0.47216524439962515,0.7035747663629074,2.250963659547003
2024-12-11,-0.4754783661682886,0.7045419800094969,2.24988812851781
2024-12-12,-0.4790494865561539,0.7056132719298865,2.248652247720284
2024-12-13,-0.47356576550465884,0.7032396256581789,2.3390099998610188
2024-12-14,-0.4774025883252235,0.7044301467615847,2.340605184725541
2024-12-15,-0.49810422718274705,0.7155412578726957,2.2739385180588747
2024-12-16,-0.5031589563369694,0.7173533153311803,2.272221645414074
2024-12-17,-0.5086110600843717,0.7193402381132097,2.270305211920808
2024-12-18,-0.5306566400044082,0.7308005741250531,2.225909828255835
2024-12-19,-0.48648427141255557,0.7090557142193005,2.1813797275693587
2024-12-20,-0.5195246525527347,0.7423890475526338,2.2480463942360256
2024-12-21,-0.5029937465629046,0.7335059112613452,2.2910824767958884
2024-12-22,-0.5074920416098853,0.7360856388001537,2.2908582423191377
2024-12-23,-0.5122869298784768,0.7388427140895957,2.2905516595138256
2024-12-24,-0.5174005817238677,0.7417905453169387,2.290166732124146
2024-12-25,-0.5228565811151777,0.7449434598646287,2.289708386592672
2024-12-26,-0.5286799861005599,0.7483167448474456,2.289182614305393
2024-12-27,-0.5125404848386906,0.7396380119111506,2.264671669971096
2024-12-28,-0.5166379483735143,0.7421550649696677,2.2632387197293524
2024-12-29,-0.5209758730829473,0.7448318078616972,2.2618031166263535
2024-12-30,-0.5254070477667556,0.7476033934284411,2.2611445602537907
2024-12-31,-0.5096954707089407,0.7389000621673528,2.2356667864694386
2025-01-01,-0.4935303211091778,0.7298966160351925,2.2782759860028676
2025-01-02,-0.5121812862506221,0.7404891735257598,2.270033483871063
2025-01-03,-0.5151796143560318,0.7425446135599395,2.2709620406760065
2025-01-04,-0.5190561420884154,0.742287531268903,2.2113400420786276
2025-01-05,-0.4800545910177884,0.719571040192162,2.167894446839524
2025-01-06,-0.4820098451844725,0.7209075209669493,2.1631225511103294
2025-01-07,-0.48403775919125835,0.7223139087881953,2.158083160772912
2025-01-08,-0.46635152800443447,0.7127385263326159,2.1980170628685296
2025-01-09,-0.4661510557033942,0.7130545180557094,2.1961913181554786
2025-01-10,-0.46582942497399604,0.7133480538504063,2.1943397040050536
2025-01-11,-0.483057967801148,0.7231609447860767,2.1527179624143775
2025-01-12,-0.49272142045025397,0.7274078739166312,2.054535823187287
2025-01-13,-0.49324965663043435,0.7282002093357707,2.0446713624445882
2025-01-14,-0.4758028203291282,0.7188278027611421,2.080694512873712
2025-01-15,-0.4748595058533191,0.7188786471552787,2.0740901289930105
2025-01-16,-0.4736956596775099,0.7188627302256948,2.067324091650672
2025-01-17,-0.45556760675549735,0.7091683416127877,2.104128370673109
2025-01-18,-0.48876757270932425,0.7258350082794544,2.1374617040064425
2025-01-19,-0.46656226297392006,0.7147238971683433,2.1374617040064425
2025-01-20,-0.46530600536253747,0.7140762415099641,2.1321644359792202
2025-01-21,-0.46385131485382813,0.7133172967758195,2.1266922357606024
2025-01-22,-0.46218112157888835,0.7124371099718961,2.1210419108035947
2025-01-23,-0.4602770025582934,0.711424922546205,2.115210020413231
2025-01-24,-0.45811908629777115,0.7102691109145352,2.10919283537256
2025-01-25,-0.4556859520090697,0.7089571235375385,2.1029862912714283
2025-01-26,-0.47178643441478435,0.7176358564738334,2.160830568939059
2025-01-27,-0.48762686927663,0.7262306876415111,2.1853892782814133
2025-01-28,-0.45050534539346077,0.7014029607127878,2.1433291743938683
2025-01-29,-0.4479225280984109,0.6998098423432826,2.1392665748814568
2025-01-30,-0.4457924266259035,0.6984619037286595,2.1359424296542855
2025-01-31,-0.44414629229742,0.6973779481318825,2.131034375987093
2025-02-01,-0.4254574702202422,0.6869427049640163,2.135552802745268
2025-02-02,-0.4223636030597998,0.6850253977710534,2.1308835186786914
2025-02-03,-0.41902937741929025,0.6830508414435414,2.1281091558028313
2025-02-04,-0.4592206297337337,0.706604318734698,2.16700947152017
2025-02-05,-0.45843479448073876,0.7061111048646204,2.167143503258441
2025-02-06,-0.45755193334600325,0.7055523874879454,2.1674559288613904
2025-02-07,-0.45724849872803813,0.7053045895967499,2.1664020966542474
2025-02-08,-0.4569415136407632,0.7050373506843719,2.165374882119722
2025-02-09,-0.45663503353408286,0.7047507747131294,2.1643760951581594
2025-02-10,-0.4380394910568233,0.6945697669446166,2.204526994991199
2025-02-11,-0.43615390681154753,0.6934374184283402,2.209699104363748
2025-02-12,-0.43418508734409983,0.6922387015004978,2.2153897161540637
2025-02-13,-0.43274999256173446,0.6913218359397859,2.2200343783361447
2025-02-14,-0.43129793980669695,0.6903716010702862,2.225066938658322
2025-02-15,-0.4155080843373831,0.666409510062763,2.189489468936633
2025-02-16,-0.41412672090010966,0.6649350675955207,2.192432955083651
2025-02-17,-0.4283622713023852,0.6706224837195042,2.1990685742244667
2025-02-18,-0.431924689037339,0.6707588912040847,2.171450249197724
2025-02-19,-0.430773608479165,0.6692651894693993,2.172804932412155
2025-02-20,-0.4296329972098721,0.6677461512864193,2.1743950254001394
2025-02-21,-0.4285106473724453,0.6662050837455408,2.176234787972434
2025-02-22,-0.4274152550793796,0.6646457789593111,2.1783390903020616
2025-02-23,-0.4263565015328383,0.6630725606160275,2.1807234439203205
2025-02-24,-0.4253451404171999,0.6614903343083891,2.183404035390972
2025-02-25,-0.40568273233446156,0.6498175872155749,2.1207627952320403
2025-02-26,-0.3854700329605116,0.6377423316023189,2.0904442709296966
2025-02-27,-0.41919899345321093,0.6597334464851574,2.128045797513479
2025-02-28,-0.4182085258896728,0.6583515018003946,2.1276588741559626
2025-03-01,-0.4172573560421251,0.6569683844925234,2.127373234311193
2025-03-02,-0.4163301504855471,0.6555749512635799,2.127246988046507
2025-03-03,-0.4353067795504873,0.6660101944314462,2.0893952279549977
2025-03-04,-0.4357530951596957,0.665354497764563,2.0879645972403877
2025-03-05,-0.43632977427119535,0.6647442790170122,2.086580302117545
2025-03-06,-0.4355404336244824,0.6633008293715748,2.0838068824829716
2025-03-07,-0.43475097212184655,0.6618246129752627,2.0809332059045067
2025-03-08,-0.4525660741950896,0.6716395333923313,2.075351341609127
2025-03-09,-0.45240461057626674,0.6704786693852822,2.072211660400675
2025-03-10,-0.40500691884806805,0.6469774243624699,2.033365830996684
2025-03-11,-0.4183685507522606,0.6568190652053656,1.9945532944914122
2025-03-12,-0.436996110857872,0.6670000729738784,1.9544023946583724
2025-03-13,-0.4556760343785184,0.6772188256929338,1.947412424512914
2025-03-14,-0.45641710108511524,0.6767008989409488,1.9381718282494262
2025-03-15,-0.45723320788888383,0.6761967286996095,1.9284524299705736
2025-03-16,-0.458127527139377,0.6757079399971724,1.9182243434640998
2025-03-17,-0.47392502730540303,0.6990082137901782,1.9498872518594133
2025-03-18,-0.4759870375660967,0.7001831498658562,1.9415236069206465
2025-03-19,-0.494040048428495,0.7111624004085394,1.9015546544464976
2025-03-20,-0.49618195719263974,0.7125556248638655,1.8922479097999036
2025-03-21,-0.49843741737215813,0.7140483984981574,1.882573529709826
2025-03-22,-0.5008099835248555,0.7156450277123553,1.8725107195136086
2025-03-23,-0.5033030640847902,0.7173498533663832,1.862037475773649
2025-03-24,-0.5059198851521617,0.7191672352424892,1.8511305235485311
2025-03-25,-0.5086634502373291,0.7211015343675397,1.8397652504322624
2025-03-26,-0.5115364956031545,0.723157092990269,1.8279156371578245
2025-03-27,-0.5151866256513691,0.7256860414652583,1.8178174592931962
2025-03-28,-0.5196596119714572,0.72871858318467,1.8084165347540064
2025-03-29,-0.5231237716845286,0.7310973810018947,1.7973948360381626
2025-03-30,-0.5267415393127464,0.7336058595950499,1.7860064209306523
2025-03-31,-0.5305168565855813,0.7362485311503094,1.7742351515037371
2025-04-01,-0.5344543298918594,0.7390303787326105,1.7620623295539866
2025-04-02,-0.5185818465594008,0.7300314262751141,1.7883403409179168
2025-04-03,-0.5214380111430674,0.7322616651892713,1.7780084700102456
2025-04-04,-0.5243727787338089,0.734589850919349,1.7673680620065457
2025-04-05,-0.5274359639037367,0.7370480930416861,1.7564563785418414
2025-04-06,-0.530631999006473,0.7396420061474248,1.7452675224258873
2025-04-07,-0.530887786379062,0.7396420061474248,1.711934189092554
2025-04-08,-0.5489813436762854,0.7506260505012488,1.6761938004125314
2025-04-09,-0.6139053049713072,0.7839593838345821,1.742860467079198
2025-04-10,-0.6055060402221611,0.7765097074150848,1.7684763452543428
2025-04-11,-0.5920108593582781,0.768803145601812,1.7949755295734582
2025-04-12,-0.5780611785641224,0.7608308402777364,1.787905720248405
2025-04-13,-0.5822558027589826,0.7637318727376258,1.7827241303173351
2025-04-14,-0.5670146965763662,0.7411919817809721,1.751775715984983
2025-04-15,-0.5707694273932005,0.74345005218731,1.7460361081408753
2025-04-16,-0.5741088903301431,0.7449825293734181,1.7390067583574775
2025-04-17,-0.5774924033514869,0.746527335563334,1.732023418751851
2025-04-18,-0.5451606505743872,0.7131940022300006,1.732023418751851
2025-04-19,-0.5617954137867961,0.7227754814012051,1.702281821758521
2025-04-20,-0.5639801730667581,0.7230764152944136,1.6960648663119242
2025-04-21,-0.5661584562174391,0.7233326700386226,1.6899805265463488
2025-04-22,-0.5826997834005475,0.7327543415930765,1.694579277353894
2025-04-23,-0.585347366779716,0.7332228625017174,1.6891809585195958
2025-04-24,-0.5879916403987571,0.7336408393339303,1.683988396729504
2025-04-25,-0.5665237046741779,0.7228689362342547,1.7897245421575763
2025-04-26,-0.568293949313482,0.722771794674565,1.788755820877038
2025-04-27,-0.5699709959015057,0.7225667330018027,1.788077865226108
2025-04-28,-0.5715864178318057,0.7222725727259376,1.78775659037052
2025-04-29,-0.5736535831367546,0.7244857107394359,1.8948897096728314
2025-04-30,-0.5891098646942549,0.7332774263677588,1.8690818712893738
2025-05-01,-0.5909945385249638,0.7330790487000054,1.8727722003147316
2025-05-02,-0.5934915280880417,0.7331841391284499,1.8756836437422082
2025-05-03,-0.5959761322379722,0.7332159485746284,1.8790517531812412
2025-05-04,-0.5984452134455868,0.733168572631707,1.882902914945886
2025-05-05,-0.6141255999427878,0.7419336361969842,1.8576877023278244
2025-05-06,-0.6170046895748941,0.7420126579228311,1.8615642602554776
2025-05-07,-0.60380903699731,0.7331165426787908,1.8912733726780802
2025-05-08,-0.5903124070267601,0.7239136648401284,1.9220069372531865
2025-05-09,-0.5767807797802951,0.7143934463863396,1.88483476267571
2025-05-10,-0.5757902534149434,0.7122515063508658,1.8888471218971365
2025-05-11,-0.5752309220079025,0.7103014498249711,1.892084073356574
2025-05-12,-0.5751333267637105,0.7085590570507379,1.8956764303603038
2025-05-13,-0.5889436228364316,0.716434661292817,1.8695856260163926
2025-05-14,-0.6092520234413604,0.7411393047856727,1.8995713372583372
2025-05-15,-0.6105790092355564,0.7410596238407886,1.9048656555037669
2025-05-16,-0.6231200472185049,0.749560206195008,1.880232096891851
2025-05-17,-0.6246934139345032,0.7496647879409278,1.885342740965644
2025-05-18,-0.6462345659210319,0.7755152978699252,1.9158718009989422
2025-05-19,-0.6342004185340856,0.7677744460723365,1.947453587240285
2025-05-20,-0.6356632471680892,0.7770052322291894,1.9242514250298874
2025-05-21,-0.6380599637440374,0.7788560102357606,1.9323297318741475
2025-05-22,-0.6378550896656047,0.7788560102357606,1.898996398540814
2025-05-23,-0.6396657004442626,0.780429567054176,1.9062314137139598
2025-05-24,-0.653385541666703,0.789308205743045,1.8834318004896429
2025-05-25,-0.6905121598930722,0.809308205743045,1.9167651338229763
2025-05-26,-0.6947265806228919,0.8122922199178201,1.9211792480624912
2025-05-27,-0.6990284970286692,0.815386202225269,1.9257689509189182
2025-05-28,-0.7034230511939404,0.8185970170355907,1.9305279978343803
2025-05-29,-0.7073770703091014,0.8192382934850939,1.8246841356907382
2025-05-30,-0.6974864415790052,0.8130051311914763,1.8531215196800739
2025-05-31,-0.7011585758942951,0.8157612030015271,1.852443910003017
2025-06-01,-0.7048712324629908,0.8186086879626677,1.851642539874079
2025-06-02,-0.7086262356872151,0.821553265182945,1.8506973945876255
2025-06-03,-0.7124255810696056,0.8246010132019531,1.8495868594028577
2025-06-04,-0.7025834436906923,0.8185527722778826,1.8788829580029562
2025-06-05,-0.705534435010205,0.8211920865659879,1.8794801544770072
2025-06-06,-0.7090422071615443,0.824229174286236,1.8790734917804184
2025-06-07,-0.7131363380149793,0.8276883297843777,1.8775930281434265
2025-06-08,-0.7178382536392517,0.8315950499015514,1.8773433131595547
2025-06-09,-0.7318084689830536,0.8411866663565225,1.8477150757629837
2025-06-10,-0.7372076946093,0.8456999496851966,1.8461851103287217
2025-06-11,-0.7427964657960608,0.8504289459829366,1.8444785130862533
2025-06-12,-0.7340458372015131,0.845271323430624,1.8735984618133654
2025-06-13,-0.6825630868117332,0.8205666799377682,1.8436127505714208
2025-06-14,-0.6850452962846557,0.8233083025618021,1.841500581435823
2025-06-15,-0.6758972016179552,0.8172154854087609,1.8705178428646443
2025-06-16,-0.6776628493577158,0.8195448198042034,1.870006639481851
2025-06-17,-0.6787465831620647,0.8210630791812474,1.8684250821881583
2025-06-18,-0.6802826577019986,0.8229006182539684,1.865699961324292
2025-06-19,-0.6827798167366698,0.8167937430213467,1.895551684128578
2025-06-20,-0.6843218805084066,0.8181019407036083,1.8942834755856273
2025-06-21,-0.6736641298094547,0.811829593831319,1.9251208368127177
2025-06-22,-0.6748364892954002,0.8129123533753583,1.9257721962299164
2025-06-23,-0.6636381995479627,0.8064610552158878,1.9576953754102582
2025-06-24,-0.6526844488814411,0.7997872984991943,1.8183055607692327
2025-06-25,-0.6628134977247304,0.8060442245019337,1.7875995858338163
2025-06-26,-0.6615647044553162,0.8057220873390601,1.7828351249688128
2025-06-27,-0.6601213129904827,0.8052781242460764,1.7777422672837935
2025-06-28,-0.6584918039240771,0.8047967390999032,1.7761235821663124
2025-06-29,-0.6571471610599633,0.8045136910967456,1.7734684808727343
2025-06-30,-0.6556295258767781,0.8041258458586497,1.7707451902130695
2025-07-01,-0.6539315358044,0.8036264375102353,1.7679556264316554
2025-07-02,-0.6520455114807748,0.8030082710387626,1.7651024620124842
2025-07-03,-0.6499634399280256,0.8022636937227905,1.7621892069300573
2025-07-04,-0.6481489568685125,0.8017020013588217,1.758165284479268
2025-07-05,-0.6461701471138884,0.8010299294551263,1.7539820131000354
2025-07-06,-0.6003495411102829,0.7735556236455852,1.7246795633740215
2025-07-07,-0.6097302587033754,0.7792993459861058,1.6954264624359072
2025-07-08,-0.6060023966939245,0.7774960458510906,1.6891534675833675
2025-07-09,-0.5925922475505302,0.7698234957080247,1.7129173802586561
2025-07-10,-0.5876055078758878,0.767207066260536,1.708321941290723
2025-07-11,-0.5822540954280877,0.7643373462701084,1.703626887090877
2025-07-12,-0.5770198973597804,0.7615465194714699,1.697765798307343
2025-07-13,-0.6291664621833729,0.787806744280831,1.721826687904148
2025-07-14,-0.6272396057648433,0.78658255261597,1.717700001920297
2025-07-15,-0.6255617575959083,0.7855262445886323,1.7124304211980783
2025-07-16,-0.5696875393628701,0.7582080839284921,1.6834301998820167
2025-07-17,-0.5659268826950256,0.7560406702990867,1.677051066009391
2025-07-18,-0.5763950399708251,0.7619439830239545,1.6481944006319147
2025-07-19,-0.5727265994738893,0.7600526119895616,1.6396648391320292
2025-07-20,-0.5688784864487986,0.7580509109994221,1.630884886150871
2025-07-21,-0.5652651885616129,0.7561964736603912,1.6207388188866694
2025-07-22,-0.5614868680422069,0.75424075367022,1.6102204265644884
2025-07-23,-0.5579644085787429,0.752440053616921,1.5982385317767034
2025-07-24,-0.5546982005856641,0.7508073900002911,1.5906500135355814
2025-07-25,-0.5393913094789201,0.7422145413796114,1.6110172553816362
2025-07-26,-0.517968395665989,0.7320238051349759,1.7515894178826759
2025-07-27,-0.5130665712886148,0.7294977941311449,1.7506875954895336
2025-07-28,-0.5080519084873943,0.7269012787873946,1.7498104925006792
2025-07-29,-0.5194208931680505,0.7334174890841698,1.7240282098049213
2025-07-30,-0.5147240442093678,0.7309792698850498,1.7224172794460197
2025-07-31,-0.5099237863517863,0.7284741951393537,1.7208469916189286
2025-08-01,-0.5050230377082708,0.7259040545910982,1.7193209409157029
2025-08-02,-0.5000250933257154,0.7232709635865572,1.7178427248462425
2025-08-03,-0.4949173744339237,0.7205664450426859,1.7164522917554483
2025-08-04,-0.4897017621393608,0.7177918421319122,1.7151581634332211
2025-08-05,-0.5295389258240055,0.742543284964047,1.7398187897585047
2025-08-06,-0.5135037903809081,0.7336654672041866,1.765329782508798
2025-08-07,-0.5103141838194,0.7321540679405003,1.7679565519889853
2025-08-08,-0.5074770097822345,0.7308551221554132,1.7698544544624446
2025-08-09,-0.5047139587008328,0.7296016068414435,1.7719762652614697
2025-08-10,-0.5020401614586071,0.7284038227232137,1.7743331403708005
2025-08-11,-0.49945465389458865,0.7272609711112049,1.7769733935454026
2025-08-12,-0.4949818334982792,0.7251731858294936,1.778875004084756
2025-08-13,-0.490421221229216,0.723055621457546,1.7809844869180131
2025-08-14,-0.4857612032851237,0.7209014620392328,1.7833484202187007
2025-08-15,-0.5369448210807874,0.7457601331440339,1.8103604347090005
2025-08-16,-0.5359454401567395,0.7454056318628252,1.8149573094917457
2025-08-17,-0.5201391670385205,0.736626515720164,1.8430592856811165
2025-08-18,-0.5183258077596536,0.7358187192970813,1.8500728872862573
2025-08-19,-0.5165826123678599,0.7350520919970006,1.8576310942219605
2025-08-20,-0.5149039032295405,0.7343229753879181,1.8657997933714532
2025-08-21,-0.5132975944410498,0.7336361554471491,1.8746128749854865
2025-08-22,-0.5117573597676445,0.7329877451654329,1.8841430247513065
2025-08-23,-0.5102766413662809,0.732373274653886,1.8942634734139179
2025-08-24,-0.509272687509274,0.7320339206288611,1.9040305843805478
2025-08-25,-0.514119072895529,0.7353672539621943,1.8706972510472146
2025-08-26,-0.46492699666358817,0.7110506608244894,1.8456743311975636
2025-08-27,-0.4634399308433291,0.7105040877912858,1.8489799808078011
2025-08-28,-0.4449993530355028,0.7005214701289165,1.8782551525597944
2025-08-29,-0.44259505336369465,0.6994712011718084,1.883628872322338
2025-08-30,-0.44027337288867446,0.6984710979315483,1.8892420406224557
2025-08-31,-0.4380406257489003,0.6975251339088051,1.8951013888882058
2025-09-01,-0.43590323018986976,0.6966373466785378,1.9012137566137908
2025-09-02,-0.4338682595270218,0.6958122053556361,1.907584841608906
2025-09-03,-0.43194296611786137,0.6950542868461095,1.9142202443046192
2025-09-04,-0.4285775879482242,0.6934167351868702,1.92023408756483
2025-09-05,-0.4114607948075407,0.6689612196133973,1.8947230948145368
2025-09-06,-0.40805205695043545,0.66678215587798,1.8990943549119697
2025-09-07,-0.40462360996065366,0.6645727432477236,1.9035509032033326
2025-09-08,-0.40117221825252586,0.6623303686410436,1.9080879596840863
2025-09-09,-0.3976940129141109,0.660051973672693,1.9127001948328204
2025-09-10,-0.3941850248698776,0.657734422036882,1.9173804293599728
2025-09-11,-0.3907092724036427,0.6554089474233437,1.9221564785073941
2025-09-12,-0.3872709288804625,0.65307630349113,1.9270244782173727
2025-09-13,-0.38387471205078894,0.6507375049205056,1.931978825044913
2025-09-14,-0.3785964319495425,0.6474608625679702,1.9361725626427033
2025-09-15,-0.39397839299471316,0.6559473415058761,1.9090073189929784
2025-09-16,-0.4097964718062407,0.6647264576485373,1.8809053428036078
2025-09-17,-0.40605408044500696,0.6622750003503116,1.881968530924896
2025-09-18,-0.4022427513026928,0.659765445465943,1.8828077528801692
2025-09-19,-0.39835788355570995,0.6571944961582887,1.883394234242539
2025-09-20,-0.3943944448313179,0.654558576872466,1.8836970397341615
2025-09-21,-0.3903474473725751,0.6518541227933982,1.883681660940467
2025-09-22,-0.38621195756328386,0.6490776003154503,1.8833167708551752
2025-09-23,-0.38072930062011007,0.6468986918500438,1.9198490847091572
2025-09-24,-0.3752536726414673,0.6268986918500439,1.886515751375824
2025-09-25,-0.41044421518042806,0.6435653585167105,1.9198490847091572
2025-09-26,-0.408616776430258,0.6412571264727596,1.9222928469126521
2025-09-27,-0.40736220457425226,0.6392135284156507,1.9238113880972334
2025-09-28,-0.4061472785487747,0.6371356776309557,1.9251969920894714
2025-09-29,-0.4049705165153746,0.6350206631378317,1.926436818002127
2025-09-30,-0.40383016780824715,0.6328653365595223,1.927517350040538
2025-10-01,-0.40272420007445003,0.630666301727832,1.928424370503529
2025-10-02,-0.4016502669719584,0.6284198912579079,1.9291429749481712
2025-10-03,-0.400605691168615,0.6261221534790044,1.9296575518669146
2025-10-04,-0.39964114307994525,0.6238016506614917,1.9299824989118142
2025-10-05,-0.4134218721111686,0.6453120524084397,1.962050860943256
2025-10-06,-0.41360703829004286,0.6445717040129383,1.9642217749443347
2025-10-07,-0.41391681186253343,0.6438820130048424,1.9663138739698867
2025-10-08,-0.414356280830309,0.6432458628104906,1.968321664117673
2025-10-09,-0.4149308420537658,0.6426663417462766,1.9702396458171507
2025-10-10,-0.43351395909431883,0.6540751943450472,2.0396602981718184
2025-10-11,-0.43498998309405845,0.6540292028595888,2.0437121540223155
2025-10-12,-0.421926276340348,0.6489266594098844,2.0794780047484034
2025-10-13,-0.42323839961443305,0.6488642164612423,2.0845641833588684
2025-10-14,-0.4095704754455971,0.6439488543756433,2.086691764604111
2025-10-15,-0.389300344459665,0.6316712286644586,2.124163894418046
2025-10-16,-0.36842513103715213,0.61897023654944,2.1629281666393583
2025-10-17,-0.36712758146088315,0.6174769688321684,2.172616429939857
2025-10-18,-0.365916713945388,0.6160187454999694,2.1826098325970875
2025-10-19,-0.3198619431467116,0.594112262294693,2.153163358122336
2025-10-20,-0.33989222576160094,0.6056269763989441,2.190373456797864
2025-10-21,-0.34111473939143083,0.6077080294486881,2.360917401433182
2025-10-22,-0.33955966328623904,0.6062814925222481,2.3773863886944926
2025-10-23,-0.29598963487522156,0.5840592703000258,2.310719722027826
2025-10-24,-0.30619617414653294,0.6041992451379576,2.2524686779598198
2025-10-25,-0.3135470575869695,0.607792322556508,2.261174494441193
2025-10-26,-0.3102687917716727,0.6066383638007751,2.272860068493901
2025-10-27,-0.30692074338144565,0.6055150822623311,2.28489622988689
2025-10-28,-0.32663805021175996,0.6176105596746326,2.2873896634839075
2025-10-29,-0.3239369309555519,0.61701021127935,2.2998363133281066
2025-10-30,-0.32118199199220854,0.616463482821413,2.3126748982690577
2025-10-31,-0.30772289894707416,0.6121079394304852,2.3150607525856066
2025-11-01,-0.29604309017355757,0.6078272763885549,2.317422653420668
2025-11-02,-0.2924374833830695,0.6071964185578498,2.3307938638190726
2025-11-03,-0.312222047647787,0.6197363635358001,2.333127780522012
2025-11-04,-0.30873239861386526,0.618854443229847,2.3459235363695554
2025-11-05,-0.3051160317769561,0.6179676411338783,2.3590856660738737
2025-11-06,-0.32301061221930993,0.6298382407003835,2.326875203608211
2025-11-07,-0.3198607615598768,0.6293759089034833,2.3392391187630563
2025-11-08,-0.3165824828703016,0.6289176181158008,2.3519632385198124
2025-11-09,-0.29468261918550204,0.6161216739128973,2.295134384675668
2025-11-10,-0.2898444341226447,0.6148145177423218,2.3038041167671626
2025-11-11,-0.2625624007586666,0.5981478510756552,2.237137450100496
2025-11-12,-0.21661476340226643,0.5765190438602804,2.2009853106552
2025-11-13,-0.18549649860791675,0.5598523771936138,2.1676519773218668
2025-11-14,-0.17846877962967655,0.5573758650739294,2.1691515663875163
2025-11-15,-0.17191856044422443,0.5552519212299463,2.1693661663788317
2025-11-16,-0.16518721470180192,0.5531062299333179,2.1692540883250033
2025-11-17,-0.1529899907727837,0.5325722717499857,2.129833760571767
2025-11-18,-0.2096704830490208,0.5611437003214143,2.329833760571767
2025-11-19,-0.1825797094436959,0.5460107244704285,2.306724579901828
2025-11-20,-0.174150635597922,0.5402081386147289,2.144887496450167
2025-11-21,-0.16844687580581258,0.5379297471006766,2.136870293269328
2025-11-22,-0.2106832026062649,0.5601519693228988,2.203536959935995
2025-11-23,-0.23323997228389418,0.5733453278183002,2.228454670670667
2025-11-24,-0.23047076222658477,0.5721575004135345,2.227326400885477
2025-11-25,-0.22771910582004803,0.5709685051243193,2.225756274416221
2025-11-26,-0.24728354732713298,0.5841180023822415,2.216259733419991
2025-11-27,-0.22140827376758337,0.5697772438436981,2.223716965606888
2025-11-28,-0.21787280264034734,0.5681485208286757,2.2210921605130527
2025-11-29,-0.21431041662574266,0.5664824876565123,2.21793413507319
2025-11-30,-0.2217365893528506,0.5687749872308747,2.2254491052481273
2025-12-01,-0.25330237476087064,0.5854416538975414,2.192115771914794
2025-12-02,-0.25195288811599953,0.5846914895989102,2.1873337687456815
2025-12-03,-0.22639339902709646,0.5703705064816311,2.1937935538748428
2025-12-04,-0.2235541230678385,0.5686986465937617,2.1885476924095077
2025-12-05,-0.22074164336696736,0.5669997157475507,2.182667072627978
2025-12-06,-0.19556879565747,0.5520686714629834,2.223448695822046
2025-12-07,-0.19128286574027367,0.5494029046546905,2.219455922617184
2025-12-08,-0.18696218925080477,0.5466610179836178,2.2148867048274377
2025-12-09,-0.1832476916444987,0.5442658229515736,2.2121195434533614
2025-12-10,-0.17957194190335873,0.5418331093380996,2.2089580064425403
2025-12-11,-0.21414688063995063,0.560517009660103,2.2506462135612484
2025-12-12,-0.25446886678605785,0.5798451824070031,2.2937719450633605
2025-12-13,-0.31994891425042854,0.6131785157403364,2.2937719450633605
2025-12-14,-0.3248275396131794,0.6151027450736607,2.2980691995004587
2025-12-15,-0.33010026308248425,0.617166566585513,2.302507235125342
2025-12-16,-0.3357869199900895,0.6193755437114506,2.3071021712219055
2025-12-17,-0.3688678057977627,0.652708877044784,2.3404355045552387
2025-12-18,-0.37826793639324235,0.6574707818066887,2.1737688378885727
2025-12-19,-0.38501580637045396,0.6613142320596632,2.1691841571294943
2025-12-20,-0.3922870192500158,0.6654903042474196,2.170021973014989
2025-12-21,-0.4000056449916504,0.6698889441490314,2.171165134385529
2025-12-22,-0.4032892212747618,0.6700000571656648,2.1425846217781332
2025-12-23,-0.3833026679547597,0.658620748792067,2.1130185742532412
2025-12-24,-0.3885727337880309,0.6616022401154648,2.109076925059026
2025-12-25,-0.40720736982206723,0.6759032899446541,2.0682183825784852
2025-12-26,-0.390426451848838,0.6647275413220559,2.0705707405984333
2025-12-27,-0.39625466501227125,0.6680016895109647,2.065289836287797
2025-12-28,-0.40240576384041277,0.6714449022241471,2.059917342348995
2025-12-29,-0.408891810418732,0.6750642958299277,2.0544684874274712
2025-12-30,-0.4153454388538364,0.6787294444023089,2.048572604054345
2025-12-31,-0.39524598633187497,0.6676511493816988,2.084730280056219
2026-01-01,-0.40018712776256454,0.6705118273052432,2.0811922287220996
2026-01-02,-0.40618001506905954,0.6739649762991609,2.077309424406488
2026-01-03,-0.4124774597179883,0.6775948497372781,2.073473622061556
2026-01-04,-0.43782349209516525,0.6920281925456931,2.067384719640623
2026-01-05,-0.46452990870349936,0.7069592368302603,2.0599364297798886
2026-01-06,-0.4739522206005942,0.7123922138018316,2.0544357576130854
2026-01-07,-0.48384842863155125,0.7181070826231493,2.0489029663298317
2026-01-08,-0.49421397132039,0.7241016088187209,2.0432748084979857
2026-01-09,-0.5050636964860161,0.7303867294904663,2.03756159477576
2026-01-10,-0.5150953108227166,0.7362443060363411,2.030213849300398
2026-01-11,-0.5227762129388813,0.7419161332894411,2.0870881177982863
2026-01-12,-0.5063404899315221,0.7330166896097665,2.124573914963744
2026-01-13,-0.5125995571399115,0.7370826876972185,2.118591318945237
2026-01-14,-0.5015962150401937,0.7165104688110346,2.0751744111077253
2026-01-15,-0.5073137768587752,0.7198599489868825,2.0671769021382707
2026-01-16,-0.49058574927412146,0.7101999472278095,2.0694933470395904
2026-01-17,-0.4730496219767821,0.7002068419598029,2.0718896693513007
2026-01-18,-0.47608527065489475,0.7015479664391181,2.0685346870141212
2026-01-19,-0.47897486536763606,0.7027913341009008,2.0650351254278845
2026-01-20,-0.48169794174161645,0.7039258992716548,2.061375469946587
2026-01-21,-0.48440169050857473,0.7050957558959993,2.0585751543661885
2026-01-22,-0.48788786346096485,0.7066983423478591,2.0566977950597387
2026-01-23,-0.49131252283809607,0.7082533803558726,2.0548916181632113
2026-01-24,-0.4811247411521506,0.6981931520922819,2.0912671912033223
2026-01-25,-0.48425226805368565,0.6993471386705657,2.0919808619138354
2026-01-26,-0.4872866678165557,0.7004280162277933,2.092901242107837
2026-01-27,-0.4902135951734198,0.701427433952057,2.0940386179615897
2026-01-28,-0.4930177942589048,0.7023365076804063,2.0954031052213873
2026-01-29,-0.495696150932701,0.7031505443451682,2.0970179500892163
2026-01-30,-0.49915994928476226,0.7043746614128741,2.0974416628489747
2026-01-31,-0.5025728047562494,0.70554234534762,2.0980019881636944
2026-02-01,-0.5058966935997682,0.7066312201423944,2.0987155248449776
2026-02-02,-0.5091180460265629,0.707632474294295,2.099585935285785
2026-02-03,-0.49284202602254007,0.6975508354768569,2.1030199330542607
2026-02-04,-0.47546549912732666,0.6871215539415761,2.10657234453889
2026-02-05,-0.4755176806381968,0.6862501518774293,2.1083701578811596
2026-02-06,-0.4752304129577299,0.6851516370241287,2.110420750693274
2026-02-07,-0.47457580699128477,0.683808534548453,2.112736128010353
2026-02-08,-0.4735244999576018,0.6822023898952803,2.1153283532943044
2026-02-09,-0.4720910232312759,0.6803388755455885,2.118263336190646
2026-02-10,-0.4892059212970018,0.6886722088789218,2.0182633361906457
2026-02-11,-0.4886150736263774,0.6871430888537202,2.0145974541639875
2026-02-12,-0.48778802201123306,0.6854210337211858,2.011011458826703
2026-02-13,-0.5046082981070247,0.709056241780537,2.0458739229241756
2026-02-14,-0.5045150052902538,0.7086837001527321,2.0451393374340343
2026-02-15,-0.4891741137328203,0.7016770352451384,2.0428228925327145
2026-02-16,-0.4897301302965728,0.7017277315653224,2.0418205898837978
2026-02-17,-0.4902006423354642,0.7017339303627776,2.0408994141206835
2026-02-18,-0.49058773776463177,0.7016974681649113,2.040067148213539
2026-02-19,-0.49089428216422903,0.7016206257129547,2.0393323784986057
2026-02-20,-0.491118164385076,0.7015007936376774,2.038668834503172
2026-02-21,-0.4912295538661671,0.7013215678200848,2.0380471462081178
2026-02-22,-0.4912266927082928,0.7010825398016094,2.0374663023475974
2026-02-23,-0.4915750357551366,0.7011821738605518,2.035611099283607
2026-02-24,-0.4918275449285253,0.7012454509360685,2.0336673143653234
2026-02-25,-0.49198412689403387,0.7012736383398022,2.0316247651328228
2026-02-26,-0.49204517976254836,0.7012683350428278,2.029472563311141
2026-02-27,-0.49201164143662024,0.701231501503601,2.0271990963487188
2026-02-28,-0.491884589543836,0.7011653276125125,2.024791549668012
2026-03-01,-0.4916337152817301,0.7010546609297414,2.022286373351427
2026-03-02,-0.4912565055628416,0.7008999131911938,2.0196754900820384
2026-03-03,-0.5076619828920407,0.7106788725197807,1.9830516392538726
2026-03-04,-0.5076117741655864,0.7107839207344526,1.9790332152527723
2026-03-05,-0.5081210762240366,0.7112402340191972,1.9747578111906519
2026-03-06,-0.5092471310559206,0.7120719126425635,1.9702124824545058
2026-03-07,-0.5104102160447024,0.7129623181861888,1.9654484246811728
2026-03-08,-0.5116233132332157,0.713921307191777,1.9604493789566175
2026-03-09,-0.5129008140135146,0.7149596786622365,1.955198111747868
2026-03-10,-0.5142586185419299,0.7160892403438557,1.9496763792807497
2026-03-11,-0.5157126741739414,0.7173220115437959,1.943863035939029
2026-03-12,-0.49907025368496927,0.7075744947004786,1.9764100371783058
2026-03-13,-0.4994307777854734,0.7082790259365737,1.9750932296960408
2026-03-14,-0.49983225278858195,0.7090672325646905,1.973854670070846
2026-03-15,-0.4996675622628805,0.7090676115572475,1.9713712475586618
2026-03-16,-0.4495563837742162,0.6854448215521565,1.9365332696441941
2026-03-17,-0.46401146615446603,0.6918394705711963,1.9343447617008906
2026-03-18,-0.4631246163539026,0.6914984960541575,1.9306386986601005
2026-03-19,-0.4621909609676775,0.6911455500435155,1.9268366050235286
2026-03-20,-0.46121176243945833,0.69078169079795,1.922932103534218
2026-03-21,-0.4601882279323351,0.6904079344215706,1.9189183009492392
2026-03-22,-0.4591216790339558,0.6900254220348082,1.914788972206
2026-03-23,-0.4580145115440174,0.6896358997663505,1.9105386903438584
2026-03-24,-0.4417308908700785,0.6829331484396302,1.9092898135989382
2026-03-25,-0.4400121277956312,0.6823038717009776,1.9049339071960185
2026-03-26,-0.4382253897751064,0.6816507137963194,1.9004948241901802
2026-03-27,-0.43637164067614187,0.6809740612258544,1.89597310208871
2026-03-28,-0.43445186387589296,0.6802742586804416,1.8913696723913846
2026-03-29,-0.4324670443202404,0.6795515951348154,1.8866858991514768
2026-03-30,-0.4492314560362034,0.689512750881065,1.985859514162543
2026-03-31,-0.4477693094308142,0.6891147539828348,1.984603415569823
2026-04-01,-0.4462697511565566,0.6887083691825465,1.9833940336900915
2026-04-02,-0.4460400408160567,0.6887083691825465,1.9833940336900915
2026-04-03,-0.4439168777383316,0.6879471432669636,1.983544406739654
2026-04-04,-0.44170293994962245,0.6871439332410245,1.9838473927930678
2026-04-05,-0.43937382995081137,0.6862843477444197,1.9843175621150873
2026-04-06,-0.43692429938602895,0.6853644177291863,1.9849682220266016
2026-04-07,-0.4343484712654229,0.6843796974028901,1.9858136993738424
2026-04-08,-0.43163976968984397,0.6833252152904987,1.9868694092919796
2026-04-09,-0.4287908437241388,0.6821954213231417,1.9881519275682287
2026-04-10,-0.44440319168430376,0.6916180209383485,1.9566898263702612
2026-04-11,-0.4425181203831964,0.6910677977051715,1.9560098191010185
2026-04-12,-0.44055561472400906,0.6904743070765025,1.9553517704598107
2026-04-13,-0.4385115924601654,0.6898331717148409,1.9547137394387404
2026-04-14,-0.4538441408768662,0.699530917996266,1.9223346978534517
2026-04-15,-0.5039360202499235,0.7236526737892406,1.954139342607019
2026-04-16,-0.5053127287000767,0.7247496807967594,1.9548219143624026
2026-04-17,-0.506767490865277,0.7258962733740905,1.9556558183521375
2026-04-18,-0.5083046122430388,0.7270945741785931,1.956649584328986
2026-04-19,-0.5099285032638115,0.728346742571029,1.9578122560805298
2026-04-20,-0.4614014842431579,0.7053331447569767,1.9271816460488884
2026-04-21,-0.46148009786327304,0.7058609972646377,1.9276089796296776
2026-04-22,-0.46159960049149507,0.7064204833852682,1.9281976102947058
2026-04-23,-0.4774231016891657,0.7135384310882086,1.9257216658221095
2026-04-24,-0.478713134936175,0.7146154848601821,1.926438485085078
2026-04-25,-0.480109263759163,0.7157522011037635,1.927333094081454
2026-04-26,-0.481617457356257,0.71695144730645,1.9284144731156865
2026-04-27,-0.48324385685004934,0.7182161779487262,1.9296918800372143
2026-04-28,-0.48499478116194567,0.7195494394250679,1.9311748448953427
2026-04-29,-0.4674147067526953,0.7098787304397255,1.8253532878227685
2026-04-30,-0.46809213402460703,0.710594729627894,1.819861904107353
2026-05-01,-0.4688446297910812,0.7113494317122164,1.814222865156224
2026-05-02,-0.4691251471307876,0.7113494317122164,1.814222865156224
2026-05-03,-0.46999439763332684,0.7121564071758457,1.8083841913085195
2026-05-04,-0.4709699650023127,0.7130189062770464,1.8023337360849145
2026-05-05,-0.47205948679231785,0.7139407876057577,1.7960584317390464
2026-05-06,-0.47327104489933697,0.7149261796704671,1.7895443010394756
2026-05-07,-0.4586603657300523,0.7087801897570375,1.790017177727014
2026-05-08,-0.4595921103965171,0.709657947497263,1.783229169742015
2026-05-09,-0.4606542230425604,0.7106049311584395,1.7761628677480081
2026-05-10,-0.4426049508141269,0.7006257908535581,1.8029271045669049
2026-05-11,-0.44260794500392736,0.7009553768241922,1.7976483902726248
2026-05-12,-0.44267871507374207,0.7013167930223884,1.7922103426799632
2026-05-13,-0.4428224090386774,0.7017127799640279,1.7866067772744885
2026-05-14,-0.44411695039762517,0.7017127799640279,1.7866067772744885
2026-05-15,-0.44205422395250465,0.7009562319010897,1.7808297922630216
2026-05-16,-0.43987289632204596,0.7001357681460665,1.7748300639147672
2026-05-17,-0.4375661863008485,0.6992474748623415,1.7685946930720993
2026-05-18,-0.4523892650087512,0.7083443223897218,1.7700397069277998
2026-05-19,-0.4504051535035394,0.7076545837627801,1.7635647914397743
2026-05-20,-0.4506975023652337,0.7076545837627801,1.796898124773108
2026-05-21,-0.45032568889383995,0.707716431573061,1.792390853915985
2026-05-22,-0.4499369334938764,0.7077611194416055,1.7877078623167184
2026-05-23,-0.4489891347711451,0.7075619017986192,1.7829487656441187
2026-05-24,-0.4479641694320035,0.7073186747964962,1.778000844284086
2026-05-25,-0.4468557180887664,0.7070278635445216,1.7728514563600386
2026-05-26,-0.4456570376095196,0.7066856710010068,1.7674872144029474
2026-05-27,-0.44436094057782144,0.7062880673131545,1.7618939500707311
2026-05-28,-0.4429597738415538,0.7058307786196402,1.7560566778353999
2026-05-29,-0.44211650047699197,0.70569119407412,1.7536671395599732
2026-05-30,-0.4412207891546675,0.7055221066412313,1.7513845614721324
2026-05-31,-0.44026824309927703,0.7053211643974041,1.7492177234140605
2026-06-01,-0.4209814511475351,0.6951598252386939,1.7750528173248903
2026-06-02,-0.4192913497134973,0.6945737362063783,1.7739034596013166
2026-06-03,-0.41750932865792756,0.693937695859114,1.7729231052398133
2026-06-04,-0.41562828887519415,0.693247934074747,1.7721253353605293
2026-06-05,-0.4136406077769626,0.6925004083645497,1.7715246813716006
2026-06-06,-0.4280410392962388,0.6991383534805686,1.763646222108552
2026-06-07,-0.42695307145519606,0.6987756088593033,1.7629709480522255
2026-06-08,-0.4257909628979515,0.6983677011938159,1.7625160542696123
2026-06-09,-0.42521117032714034,0.698289836033135,1.7611225697766024
2026-06-10,-0.4246112816511393,0.6981979208334435,1.7598630587250157
2026-06-11,-0.4239882668013518,0.6980903735165833,1.7587476351403621
2026-06-12,-0.40922751986117206,0.6746999475177824,1.7325274092312124
2026-06-13,-0.3889084599004047,0.6634827043287405,1.7577869750667714
2026-06-14,-0.38707584742221446,0.6621905137227972,1.7569923951634523
2026-06-15,-0.3852552595942062,0.660882056673719,1.7563773031375451
2026-06-16,-0.3834514345902494,0.659559111218939,1.755956013829457
2026-06-17,-0.3638119334462431,0.6478197702264885,1.7475407039615074
2026-06-18,-0.360825960381381,0.6457565007942027,1.7469881492208776
2026-06-19,-0.40729760978688234,0.6680239663388304,1.738263602642287
2026-06-20,-0.40581388295230364,0.6666552606410983,1.7363971457018146
2026-06-21,-0.40429239847324866,0.6652378172341842,1.7346278106461284
2026-06-22,-0.422433815763591,0.6749857538408969,1.708529518457991
2026-06-23,-0.42155345874627853,0.6738708255320831,1.7061339554984702
2026-06-24,-0.42068096704235747,0.6727274793937231,1.7038333520204854
2026-06-25,-0.4198197232194322,0.6715565072693341,1.7016383912486763
2026-06-26,-0.4189734743273467,0.6703588672678229,1.6995606133582608
2026-06-27,-0.41814636052638543,0.6691356979108638,1.6976124732038764
2026-06-28,-0.378900711250866,0.6456126581083931,1.672490235218544
2026-06-29,-0.376751743010812,0.6435468150555366,1.6697697412097996
2026-06-30,-0.3745615188272933,0.6414166650782308,1.6670301556165492
2026-07-01,-0.37296083145690256,0.6395634526589046,1.6633052362472962
2026-07-02,-0.37136322732379423,0.6376665463296813,1.6594915044075025
2026-07-03,-0.36977198238864284,0.6357261618631491,1.6555800698960432
2026-07-04,-0.3681907303729439,0.6337426524765423,1.6515612676386473
2026-07-05,-0.3666234931467223,0.6317165229631628,1.6474245981995799
2026-07-06,-0.3645056466450932,0.6293916322556661,1.6434169559958223
2026-07-07,-0.36235228707881745,0.6269990813382993,1.6392944045456015
2026-07-08,-0.34815925492342586,0.6037201579651721,1.6138772027366144
2026-07-09,-0.3455022922246766,0.6004591345835182,1.6087997762869597
2026-07-10,-0.34277439593121845,0.5970888316093829,1.603590697582199
2026-07-11,-0.295536015495135,0.5738191524921633,1.7116324430775203
2026-07-12,-0.30572691252503387,0.5936060198194792,1.7361714928388141
2026-07-13,-0.3028585831820227,0.5911964789743324,1.7354261313826778
2026-07-14,-0.29995453945514294,0.5887484088105921,1.7346824671143752
2026-07-15,-0.29701313517019085,0.5862610416428982,1.7339343693204727
2026-07-16,-0.2940325040029706,0.5837335220023451,1.733175002268439
2026-07-17,-0.2916263166139024,0.5815236513739264,1.7326796332445398
2026-07-18,-0.28924012182180686,0.5793087255318479,1.7321862361419074
2026-07-19,-0.2592396914791106,0.5653745933205535,1.8075774493871646
2026-07-20,-0.25418540882244245,0.5618821565163968,1.810031942617694
2026-07-21,-0.24900930552449585,0.5583181682157833,1.8126320850994722
2026-07-22,-0.22334646573015812,0.5430877602232242,1.840653881137385
2026-07-23,-0.2165117415919877,0.5385779993505049,1.8452924992628645
2026-07-24,-0.20947142321336262,0.5339521552110836,1.8501704008919122
2026-07-25,-0.20221803327824517,0.5292071775539026,1.855292194327886
2026-07-26,-0.1947437074234145,0.5243398779085949,1.8606622488440798
2026-07-27,-0.18704016733648554,0.519346918598172,1.8662846549006387
2026-07-28,-0.21884337885504299,0.5372554330325916,1.896156539552385
2026-07-29,-0.2133982624713829,0.5335902129628349,1.9039629808745429
2026-07-30,-0.20784090839891517,0.5298720594416143,1.9121330782972323
2026-07-31,-0.20214711751684525,0.5260895976065354,1.9207133487127475
2026-08-01,-0.19631207878937662,0.5222421166160821,1.9297209985163764
2026-08-02,-0.1903307023191971,0.518328873676528,1.939174133986043
2026-08-03,-0.18419759739496727,0.5143490882006655,1.9490918190325053
2026-08-04,-0.17790704873397398,0.5103019352778208,1.9594941369922614
2026-08-05,-0.17147261377063366,0.5061953940027226,1.9703933501300694
2026-08-06,-0.19263220589390057,0.5186287579581126,1.949083536645216
2026-08-07,-0.22589402358761088,0.5519620912914459,1.949083536645216
2026-08-08,-0.22176959997659304,0.5502897794537883,1.9608174594161905
2026-08-09,-0.2034693381008696,0.5414979295112534,2.0073644361634506
2026-08-10,-0.24473252654423533,0.5601702719081931,1.904170106375983
2026-08-11,-0.2426292712767217,0.559017315083666,1.909963162015196
2026-08-12,-0.24055239786675664,0.5579076887426085,1.9159816803128689
2026-08-13,-0.23850404756760304,0.556844215636816,1.9222333773197136
2026-08-14,-0.23648649223369897,0.5558298423262614,1.9287264465610667
2026-08-15,-0.23450214641551065,0.554867646475362,1.9354695998125364
2026-08-16,-0.23253234686697558,0.5539484738926529,1.9424623572803985
2026-08-17,-0.23057690578818718,0.5530739824568186,1.949713258009312
2026-08-18,-0.28030167736729383,0.5780739824568185,1.849713258009312
2026-08-19,-0.3051197233891959,0.5926779105729386,1.8227121932553887
2026-08-20,-0.28955854574329376,0.585178416076857,1.862291123752073
2026-08-21,-0.29184172044975715,0.5866298180028443,1.8630372355663727
2026-08-22,-0.29443930549308284,0.5882867772667182,1.8636491230251147
2026-08-23,-0.2973692320709937,0.5901603849238091,1.864113906546949
2026-08-24,-0.30065030753697264,0.5922622196607022,1.86441810352002
2026-08-25,-0.3043022589589649,0.5946043693762921,1.864547615750225
2026-08-26,-0.33131650029751136,0.6106261387563533,1.8690047939202037
2026-08-27,-0.335194883604832,0.6131561630916553,1.8680685268294388
2026-08-28,-0.3393947669645616,0.6158998165443733,1.86683078703478
2026-08-29,-0.34393110685371714,0.618866290927227,1.8652686390602125
2026-08-30,-0.34882020994133595,0.6220654872486301,1.8633567525204702
2026-08-31,-0.354079111092212,0.625507672442856,1.8610683302447493
2026-09-01,-0.359725608093048,0.6292034930899707,1.8583750266674635
2026-09-02,-0.36577829833304476,0.6331639898102916,1.855246861413496
2026-09-03,-0.3722566175685581,0.6374006123803768,1.851652127772849
2026-09-04,-0.3791802042558938,0.6419249302554684,1.8475576028639795
2026-09-05,-0.35787124384027236,0.629577514057381,1.8767837271006684
2026-09-06,-0.3358028544190921,0.6168043248869459,1.9070176487248294
2026-09-07,-0.33973503601874916,0.6190979299018823,1.9051624828389204
2026-09-08,-0.35856153576230676,0.6289518815076943,1.8674094650057798
2026-09-09,-0.3624866744802224,0.6313236611490566,1.8661418566826695
2026-09-10,-0.3666196889022577,0.6338169834271735,1.8646307771884443
2026-09-11,-0.37096683743206194,0.636434545312848,1.8628600563910502
2026-09-12,-0.37553452044359525,0.6391790394396077,1.8608127004969583
2026-09-13,-0.40071108073050776,0.6539847113620657,1.8965218189449229
2026-09-14,-0.4064424239593986,0.6574025411857451,1.8951787920184535
2026-09-15,-0.4124393238580426,0.6609699228165414,1.8935483242508004
2026-09-16,-0.41871044242679617,0.6646904724841181,1.8916116023970586
2026-09-17,-0.3986994974025641,0.6531280749835704,1.9223568300659226
2026-09-18,-0.37800890127025777,0.6411669741209349,1.9541622379992303
2026-09-19,-0.3985549333284827,0.6517819272515418,1.9180988668957553
2026-09-20,-0.40223469993854877,0.654028551708392,1.9199975438381434
2026-09-21,-0.4059517831445565,0.656295509447716,1.9219405928315667
2026-09-22,-0.4096960096646568,0.6585760309817421,1.923934616492809
2026-09-23,-0.4134562068637735,0.6608627140935088,1.9259869099350222
2026-09-24,-0.41722013598702734,0.6631474835186515,1.9281055031379257
2026-09-25,-0.3972115907473475,0.6515318486126234,1.92562629145383
2026-09-26,-0.39934955124095534,0.6528542536538501,1.9276084011513688
2026-09-27,-0.4014010335979902,0.6541025893554765,1.929627607836784
2026-09-28,-0.4029191589279963,0.6545644133655332,1.929626365411284
2026-09-29,-0.3912918190020131,0.6338288971239122,1.8675144736606015
